event_date,site_id,rule_id,rule_name,records_evaluated,records_failed
2026-06-01,SITE-01,DQ-01,required_field_completeness,13041,13
2026-06-01,SITE-01,DQ-02,identifier_conformance,4624,31
2026-06-01,SITE-01,DQ-03,terminology_mapping,7469,45
2026-06-01,SITE-01,DQ-04,referential_integrity,11682,15
2026-06-01,SITE-02,DQ-01,required_field_completeness,10823,43
2026-06-01,SITE-02,DQ-02,identifier_conformance,12405,23
2026-06-01,SITE-02,DQ-03,terminology_mapping,12966,42
2026-06-01,SITE-02,DQ-04,referential_integrity,13570,3
2026-06-01,SITE-03,DQ-01,required_field_completeness,3701,16
2026-06-01,SITE-03,DQ-02,identifier_conformance,14259,15
2026-06-01,SITE-03,DQ-03,terminology_mapping,13395,6
2026-06-01,SITE-03,DQ-04,referential_integrity,7477,21
2026-06-01,SITE-04,DQ-01,required_field_completeness,8970,13
2026-06-01,SITE-04,DQ-02,identifier_conformance,12654,35
2026-06-01,SITE-04,DQ-03,terminology_mapping,5159,42
2026-06-01,SITE-04,DQ-04,referential_integrity,6514,18
2026-06-01,SITE-05,DQ-01,required_field_completeness,6584,16
2026-06-01,SITE-05,DQ-02,identifier_conformance,6211,5
2026-06-01,SITE-05,DQ-03,terminology_mapping,9133,4
2026-06-01,SITE-05,DQ-04,referential_integrity,5802,14
2026-06-01,SITE-06,DQ-01,required_field_completeness,13893,3
2026-06-01,SITE-06,DQ-02,identifier_conformance,6178,32
2026-06-01,SITE-06,DQ-03,terminology_mapping,14067,22
2026-06-01,SITE-06,DQ-04,referential_integrity,7748,13
2026-06-02,SITE-01,DQ-01,required_field_completeness,8735,42
2026-06-02,SITE-01,DQ-02,identifier_conformance,5387,41
2026-06-02,SITE-01,DQ-03,terminology_mapping,3609,45
2026-06-02,SITE-01,DQ-04,referential_integrity,4216,38
2026-06-02,SITE-02,DQ-01,required_field_completeness,8481,26
2026-06-02,SITE-02,DQ-02,identifier_conformance,14256,18
2026-06-02,SITE-02,DQ-03,terminology_mapping,9851,43
2026-06-02,SITE-02,DQ-04,referential_integrity,6535,28
2026-06-02,SITE-03,DQ-01,required_field_completeness,11611,43
2026-06-02,SITE-03,DQ-02,identifier_conformance,4076,17
2026-06-02,SITE-03,DQ-03,terminology_mapping,13181,19
2026-06-02,SITE-03,DQ-04,referential_integrity,7931,14
2026-06-02,SITE-04,DQ-01,required_field_completeness,14550,7
2026-06-02,SITE-04,DQ-02,identifier_conformance,4579,18
2026-06-02,SITE-04,DQ-03,terminology_mapping,6555,17
2026-06-02,SITE-04,DQ-04,referential_integrity,9741,20
2026-06-02,SITE-05,DQ-01,required_field_completeness,14401,9
2026-06-02,SITE-05,DQ-02,identifier_conformance,13880,44
2026-06-02,SITE-05,DQ-03,terminology_mapping,14168,42
2026-06-02,SITE-05,DQ-04,referential_integrity,14831,26
2026-06-02,SITE-06,DQ-01,required_field_completeness,8741,33
2026-06-02,SITE-06,DQ-02,identifier_conformance,3615,5
2026-06-02,SITE-06,DQ-03,terminology_mapping,10223,33
2026-06-02,SITE-06,DQ-04,referential_integrity,13136,26
2026-06-03,SITE-01,DQ-01,required_field_completeness,5499,35
2026-06-03,SITE-01,DQ-02,identifier_conformance,7651,5
2026-06-03,SITE-01,DQ-03,terminology_mapping,5415,3
2026-06-03,SITE-01,DQ-04,referential_integrity,9394,40
2026-06-03,SITE-02,DQ-01,required_field_completeness,9582,37
2026-06-03,SITE-02,DQ-02,identifier_conformance,8907,26
2026-06-03,SITE-02,DQ-03,terminology_mapping,5930,39
2026-06-03,SITE-02,DQ-04,referential_integrity,14040,40
2026-06-03,SITE-03,DQ-01,required_field_completeness,6455,15
2026-06-03,SITE-03,DQ-02,identifier_conformance,11695,2
2026-06-03,SITE-03,DQ-03,terminology_mapping,11687,44
2026-06-03,SITE-03,DQ-04,referential_integrity,14055,38
2026-06-03,SITE-04,DQ-01,required_field_completeness,13767,17
2026-06-03,SITE-04,DQ-02,identifier_conformance,10847,14
2026-06-03,SITE-04,DQ-03,terminology_mapping,11437,4
2026-06-03,SITE-04,DQ-04,referential_integrity,4779,36
2026-06-03,SITE-05,DQ-01,required_field_completeness,4048,10
2026-06-03,SITE-05,DQ-02,identifier_conformance,6604,26
2026-06-03,SITE-05,DQ-03,terminology_mapping,11164,16
2026-06-03,SITE-05,DQ-04,referential_integrity,10640,41
2026-06-03,SITE-06,DQ-01,required_field_completeness,9655,12
2026-06-03,SITE-06,DQ-02,identifier_conformance,9463,5
2026-06-03,SITE-06,DQ-03,terminology_mapping,9246,6
2026-06-03,SITE-06,DQ-04,referential_integrity,5920,19
2026-06-04,SITE-01,DQ-01,required_field_completeness,6159,41
2026-06-04,SITE-01,DQ-02,identifier_conformance,4115,3
2026-06-04,SITE-01,DQ-03,terminology_mapping,7457,43
2026-06-04,SITE-01,DQ-04,referential_integrity,9741,11
2026-06-04,SITE-02,DQ-01,required_field_completeness,4917,4
2026-06-04,SITE-02,DQ-02,identifier_conformance,5772,23
2026-06-04,SITE-02,DQ-03,terminology_mapping,13356,4
2026-06-04,SITE-02,DQ-04,referential_integrity,13208,9
2026-06-04,SITE-03,DQ-01,required_field_completeness,7267,20
2026-06-04,SITE-03,DQ-02,identifier_conformance,6448,14
2026-06-04,SITE-03,DQ-03,terminology_mapping,10877,9
2026-06-04,SITE-03,DQ-04,referential_integrity,10659,14
2026-06-04,SITE-04,DQ-01,required_field_completeness,4706,42
2026-06-04,SITE-04,DQ-02,identifier_conformance,12058,12
2026-06-04,SITE-04,DQ-03,terminology_mapping,4657,12
2026-06-04,SITE-04,DQ-04,referential_integrity,12274,26
2026-06-04,SITE-05,DQ-01,required_field_completeness,10213,11
2026-06-04,SITE-05,DQ-02,identifier_conformance,9695,38
2026-06-04,SITE-05,DQ-03,terminology_mapping,11822,8
2026-06-04,SITE-05,DQ-04,referential_integrity,9857,2
2026-06-04,SITE-06,DQ-01,required_field_completeness,11270,21
2026-06-04,SITE-06,DQ-02,identifier_conformance,4151,41
2026-06-04,SITE-06,DQ-03,terminology_mapping,3960,14
2026-06-04,SITE-06,DQ-04,referential_integrity,9001,2
2026-06-05,SITE-01,DQ-01,required_field_completeness,10427,39
2026-06-05,SITE-01,DQ-02,identifier_conformance,9925,20
2026-06-05,SITE-01,DQ-03,terminology_mapping,12377,20
2026-06-05,SITE-01,DQ-04,referential_integrity,14390,10
2026-06-05,SITE-02,DQ-01,required_field_completeness,6128,26
2026-06-05,SITE-02,DQ-02,identifier_conformance,9596,8
2026-06-05,SITE-02,DQ-03,terminology_mapping,14199,4
2026-06-05,SITE-02,DQ-04,referential_integrity,7822,20
2026-06-05,SITE-03,DQ-01,required_field_completeness,8365,20
2026-06-05,SITE-03,DQ-02,identifier_conformance,7505,8
2026-06-05,SITE-03,DQ-03,terminology_mapping,14960,43
2026-06-05,SITE-03,DQ-04,referential_integrity,6542,42
2026-06-05,SITE-04,DQ-01,required_field_completeness,9944,23
2026-06-05,SITE-04,DQ-02,identifier_conformance,7624,9
2026-06-05,SITE-04,DQ-03,terminology_mapping,12634,9
2026-06-05,SITE-04,DQ-04,referential_integrity,10301,45
2026-06-05,SITE-05,DQ-01,required_field_completeness,9432,39
2026-06-05,SITE-05,DQ-02,identifier_conformance,13419,45
2026-06-05,SITE-05,DQ-03,terminology_mapping,12952,38
2026-06-05,SITE-05,DQ-04,referential_integrity,8044,16
2026-06-05,SITE-06,DQ-01,required_field_completeness,11418,43
2026-06-05,SITE-06,DQ-02,identifier_conformance,7916,38
2026-06-05,SITE-06,DQ-03,terminology_mapping,5854,18
2026-06-05,SITE-06,DQ-04,referential_integrity,10114,33
2026-06-06,SITE-01,DQ-01,required_field_completeness,12741,7
2026-06-06,SITE-01,DQ-02,identifier_conformance,5656,43
2026-06-06,SITE-01,DQ-03,terminology_mapping,4518,29
2026-06-06,SITE-01,DQ-04,referential_integrity,13801,39
2026-06-06,SITE-02,DQ-01,required_field_completeness,8082,15
2026-06-06,SITE-02,DQ-02,identifier_conformance,8789,40
2026-06-06,SITE-02,DQ-03,terminology_mapping,9878,14
2026-06-06,SITE-02,DQ-04,referential_integrity,7889,30
2026-06-06,SITE-03,DQ-01,required_field_completeness,14442,3
2026-06-06,SITE-03,DQ-02,identifier_conformance,7801,13
2026-06-06,SITE-03,DQ-03,terminology_mapping,9490,34
2026-06-06,SITE-03,DQ-04,referential_integrity,14866,40
2026-06-06,SITE-04,DQ-01,required_field_completeness,6609,36
2026-06-06,SITE-04,DQ-02,identifier_conformance,7805,14
2026-06-06,SITE-04,DQ-03,terminology_mapping,9731,37
2026-06-06,SITE-04,DQ-04,referential_integrity,13457,23
2026-06-06,SITE-05,DQ-01,required_field_completeness,3517,9
2026-06-06,SITE-05,DQ-02,identifier_conformance,3516,2
2026-06-06,SITE-05,DQ-03,terminology_mapping,13776,23
2026-06-06,SITE-05,DQ-04,referential_integrity,14007,19
2026-06-06,SITE-06,DQ-01,required_field_completeness,11185,34
2026-06-06,SITE-06,DQ-02,identifier_conformance,13947,3
2026-06-06,SITE-06,DQ-03,terminology_mapping,4569,29
2026-06-06,SITE-06,DQ-04,referential_integrity,7308,32
2026-06-07,SITE-01,DQ-01,required_field_completeness,6414,31
2026-06-07,SITE-01,DQ-02,identifier_conformance,11268,45
2026-06-07,SITE-01,DQ-03,terminology_mapping,10396,19
2026-06-07,SITE-01,DQ-04,referential_integrity,8705,37
2026-06-07,SITE-02,DQ-01,required_field_completeness,10012,17
2026-06-07,SITE-02,DQ-02,identifier_conformance,8623,31
2026-06-07,SITE-02,DQ-03,terminology_mapping,12321,45
2026-06-07,SITE-02,DQ-04,referential_integrity,13637,11
2026-06-07,SITE-03,DQ-01,required_field_completeness,14238,14
2026-06-07,SITE-03,DQ-02,identifier_conformance,5559,41
2026-06-07,SITE-03,DQ-03,terminology_mapping,13313,12
2026-06-07,SITE-03,DQ-04,referential_integrity,14728,4
2026-06-07,SITE-04,DQ-01,required_field_completeness,10410,28
2026-06-07,SITE-04,DQ-02,identifier_conformance,6502,36
2026-06-07,SITE-04,DQ-03,terminology_mapping,6691,38
2026-06-07,SITE-04,DQ-04,referential_integrity,14531,45
2026-06-07,SITE-05,DQ-01,required_field_completeness,9377,43
2026-06-07,SITE-05,DQ-02,identifier_conformance,4454,25
2026-06-07,SITE-05,DQ-03,terminology_mapping,5111,4
2026-06-07,SITE-05,DQ-04,referential_integrity,5778,31
2026-06-07,SITE-06,DQ-01,required_field_completeness,14582,18
2026-06-07,SITE-06,DQ-02,identifier_conformance,14703,18
2026-06-07,SITE-06,DQ-03,terminology_mapping,12475,31
2026-06-07,SITE-06,DQ-04,referential_integrity,9597,9
2026-06-08,SITE-01,DQ-01,required_field_completeness,4439,43
2026-06-08,SITE-01,DQ-02,identifier_conformance,14118,3
2026-06-08,SITE-01,DQ-03,terminology_mapping,11299,16
2026-06-08,SITE-01,DQ-04,referential_integrity,5152,3
2026-06-08,SITE-02,DQ-01,required_field_completeness,13105,12
2026-06-08,SITE-02,DQ-02,identifier_conformance,4546,12
2026-06-08,SITE-02,DQ-03,terminology_mapping,12208,24
2026-06-08,SITE-02,DQ-04,referential_integrity,5598,7
2026-06-08,SITE-03,DQ-01,required_field_completeness,13386,24
2026-06-08,SITE-03,DQ-02,identifier_conformance,5471,25
2026-06-08,SITE-03,DQ-03,terminology_mapping,14497,43
2026-06-08,SITE-03,DQ-04,referential_integrity,9584,29
2026-06-08,SITE-04,DQ-01,required_field_completeness,12578,42
2026-06-08,SITE-04,DQ-02,identifier_conformance,13036,17
2026-06-08,SITE-04,DQ-03,terminology_mapping,4381,45
2026-06-08,SITE-04,DQ-04,referential_integrity,12340,22
2026-06-08,SITE-05,DQ-01,required_field_completeness,8202,30
2026-06-08,SITE-05,DQ-02,identifier_conformance,8186,42
2026-06-08,SITE-05,DQ-03,terminology_mapping,10449,31
2026-06-08,SITE-05,DQ-04,referential_integrity,6963,2
2026-06-08,SITE-06,DQ-01,required_field_completeness,10731,32
2026-06-08,SITE-06,DQ-02,identifier_conformance,7815,32
2026-06-08,SITE-06,DQ-03,terminology_mapping,13355,34
2026-06-08,SITE-06,DQ-04,referential_integrity,6069,34
2026-06-09,SITE-01,DQ-01,required_field_completeness,7861,5
2026-06-09,SITE-01,DQ-02,identifier_conformance,12330,10
2026-06-09,SITE-01,DQ-03,terminology_mapping,9388,40
2026-06-09,SITE-01,DQ-04,referential_integrity,9486,45
2026-06-09,SITE-02,DQ-01,required_field_completeness,5087,20
2026-06-09,SITE-02,DQ-02,identifier_conformance,4709,31
2026-06-09,SITE-02,DQ-03,terminology_mapping,13469,34
2026-06-09,SITE-02,DQ-04,referential_integrity,10381,19
2026-06-09,SITE-03,DQ-01,required_field_completeness,9963,45
2026-06-09,SITE-03,DQ-02,identifier_conformance,11429,27
2026-06-09,SITE-03,DQ-03,terminology_mapping,14677,32
2026-06-09,SITE-03,DQ-04,referential_integrity,9354,7
2026-06-09,SITE-04,DQ-01,required_field_completeness,5428,4
2026-06-09,SITE-04,DQ-02,identifier_conformance,14994,27
2026-06-09,SITE-04,DQ-03,terminology_mapping,12239,7
2026-06-09,SITE-04,DQ-04,referential_integrity,14606,11
2026-06-09,SITE-05,DQ-01,required_field_completeness,10775,11
2026-06-09,SITE-05,DQ-02,identifier_conformance,12820,29
2026-06-09,SITE-05,DQ-03,terminology_mapping,5107,40
2026-06-09,SITE-05,DQ-04,referential_integrity,7272,11
2026-06-09,SITE-06,DQ-01,required_field_completeness,10782,43
2026-06-09,SITE-06,DQ-02,identifier_conformance,8334,21
2026-06-09,SITE-06,DQ-03,terminology_mapping,9527,26
2026-06-09,SITE-06,DQ-04,referential_integrity,6993,2
2026-06-10,SITE-01,DQ-01,required_field_completeness,3553,12
2026-06-10,SITE-01,DQ-02,identifier_conformance,11412,11
2026-06-10,SITE-01,DQ-03,terminology_mapping,5667,12
2026-06-10,SITE-01,DQ-04,referential_integrity,5728,9
2026-06-10,SITE-02,DQ-01,required_field_completeness,4555,38
2026-06-10,SITE-02,DQ-02,identifier_conformance,14561,11
2026-06-10,SITE-02,DQ-03,terminology_mapping,7003,23
2026-06-10,SITE-02,DQ-04,referential_integrity,10805,13
2026-06-10,SITE-03,DQ-01,required_field_completeness,13413,5
2026-06-10,SITE-03,DQ-02,identifier_conformance,8108,5
2026-06-10,SITE-03,DQ-03,terminology_mapping,8991,11
2026-06-10,SITE-03,DQ-04,referential_integrity,10459,6
2026-06-10,SITE-04,DQ-01,required_field_completeness,5288,37
2026-06-10,SITE-04,DQ-02,identifier_conformance,4109,43
2026-06-10,SITE-04,DQ-03,terminology_mapping,8944,32
2026-06-10,SITE-04,DQ-04,referential_integrity,10080,15
2026-06-10,SITE-05,DQ-01,required_field_completeness,4240,40
2026-06-10,SITE-05,DQ-02,identifier_conformance,6424,32
2026-06-10,SITE-05,DQ-03,terminology_mapping,11606,21
2026-06-10,SITE-05,DQ-04,referential_integrity,8527,28
2026-06-10,SITE-06,DQ-01,required_field_completeness,6915,43
2026-06-10,SITE-06,DQ-02,identifier_conformance,4704,28
2026-06-10,SITE-06,DQ-03,terminology_mapping,6076,31
2026-06-10,SITE-06,DQ-04,referential_integrity,13626,13
2026-06-11,SITE-01,DQ-01,required_field_completeness,8748,5
2026-06-11,SITE-01,DQ-02,identifier_conformance,10327,4
2026-06-11,SITE-01,DQ-03,terminology_mapping,11758,17
2026-06-11,SITE-01,DQ-04,referential_integrity,5792,36
2026-06-11,SITE-02,DQ-01,required_field_completeness,11936,36
2026-06-11,SITE-02,DQ-02,identifier_conformance,8145,17
2026-06-11,SITE-02,DQ-03,terminology_mapping,6307,37
2026-06-11,SITE-02,DQ-04,referential_integrity,11970,22
2026-06-11,SITE-03,DQ-01,required_field_completeness,6259,40
2026-06-11,SITE-03,DQ-02,identifier_conformance,7801,17
2026-06-11,SITE-03,DQ-03,terminology_mapping,9016,45
2026-06-11,SITE-03,DQ-04,referential_integrity,10384,16
2026-06-11,SITE-04,DQ-01,required_field_completeness,11094,6
2026-06-11,SITE-04,DQ-02,identifier_conformance,5437,34
2026-06-11,SITE-04,DQ-03,terminology_mapping,5066,16
2026-06-11,SITE-04,DQ-04,referential_integrity,6278,17
2026-06-11,SITE-05,DQ-01,required_field_completeness,10399,33
2026-06-11,SITE-05,DQ-02,identifier_conformance,14059,33
2026-06-11,SITE-05,DQ-03,terminology_mapping,9472,14
2026-06-11,SITE-05,DQ-04,referential_integrity,9544,6
2026-06-11,SITE-06,DQ-01,required_field_completeness,6384,16
2026-06-11,SITE-06,DQ-02,identifier_conformance,13437,40
2026-06-11,SITE-06,DQ-03,terminology_mapping,7560,10
2026-06-11,SITE-06,DQ-04,referential_integrity,4972,34
2026-06-12,SITE-01,DQ-01,required_field_completeness,13296,35
2026-06-12,SITE-01,DQ-02,identifier_conformance,13547,40
2026-06-12,SITE-01,DQ-03,terminology_mapping,10582,28
2026-06-12,SITE-01,DQ-04,referential_integrity,7372,43
2026-06-12,SITE-02,DQ-01,required_field_completeness,9633,28
2026-06-12,SITE-02,DQ-02,identifier_conformance,9498,9
2026-06-12,SITE-02,DQ-03,terminology_mapping,14104,18
2026-06-12,SITE-02,DQ-04,referential_integrity,9275,31
2026-06-12,SITE-03,DQ-01,required_field_completeness,9266,37
2026-06-12,SITE-03,DQ-02,identifier_conformance,7896,45
2026-06-12,SITE-03,DQ-03,terminology_mapping,6021,20
2026-06-12,SITE-03,DQ-04,referential_integrity,9825,45
2026-06-12,SITE-04,DQ-01,required_field_completeness,14029,4
2026-06-12,SITE-04,DQ-02,identifier_conformance,7616,26
2026-06-12,SITE-04,DQ-03,terminology_mapping,8667,38
2026-06-12,SITE-04,DQ-04,referential_integrity,5148,13
2026-06-12,SITE-05,DQ-01,required_field_completeness,8459,39
2026-06-12,SITE-05,DQ-02,identifier_conformance,9698,42
2026-06-12,SITE-05,DQ-03,terminology_mapping,5417,11
2026-06-12,SITE-05,DQ-04,referential_integrity,13956,35
2026-06-12,SITE-06,DQ-01,required_field_completeness,13815,7
2026-06-12,SITE-06,DQ-02,identifier_conformance,12251,18
2026-06-12,SITE-06,DQ-03,terminology_mapping,11522,16
2026-06-12,SITE-06,DQ-04,referential_integrity,5046,6
2026-06-13,SITE-01,DQ-01,required_field_completeness,9280,32
2026-06-13,SITE-01,DQ-02,identifier_conformance,6803,20
2026-06-13,SITE-01,DQ-03,terminology_mapping,10455,19
2026-06-13,SITE-01,DQ-04,referential_integrity,8505,32
2026-06-13,SITE-02,DQ-01,required_field_completeness,3994,15
2026-06-13,SITE-02,DQ-02,identifier_conformance,13965,38
2026-06-13,SITE-02,DQ-03,terminology_mapping,8843,33
2026-06-13,SITE-02,DQ-04,referential_integrity,6637,2
2026-06-13,SITE-03,DQ-01,required_field_completeness,5464,28
2026-06-13,SITE-03,DQ-02,identifier_conformance,4768,7
2026-06-13,SITE-03,DQ-03,terminology_mapping,13380,37
2026-06-13,SITE-03,DQ-04,referential_integrity,3747,17
2026-06-13,SITE-04,DQ-01,required_field_completeness,10926,31
2026-06-13,SITE-04,DQ-02,identifier_conformance,13308,33
2026-06-13,SITE-04,DQ-03,terminology_mapping,8732,22
2026-06-13,SITE-04,DQ-04,referential_integrity,4070,35
2026-06-13,SITE-05,DQ-01,required_field_completeness,10397,30
2026-06-13,SITE-05,DQ-02,identifier_conformance,9293,18
2026-06-13,SITE-05,DQ-03,terminology_mapping,5683,25
2026-06-13,SITE-05,DQ-04,referential_integrity,13693,45
2026-06-13,SITE-06,DQ-01,required_field_completeness,12910,9
2026-06-13,SITE-06,DQ-02,identifier_conformance,5563,23
2026-06-13,SITE-06,DQ-03,terminology_mapping,13813,7
2026-06-13,SITE-06,DQ-04,referential_integrity,6387,37
2026-06-14,SITE-01,DQ-01,required_field_completeness,14251,8
2026-06-14,SITE-01,DQ-02,identifier_conformance,11755,7
2026-06-14,SITE-01,DQ-03,terminology_mapping,6428,28
2026-06-14,SITE-01,DQ-04,referential_integrity,13607,12
2026-06-14,SITE-02,DQ-01,required_field_completeness,8401,22
2026-06-14,SITE-02,DQ-02,identifier_conformance,12969,20
2026-06-14,SITE-02,DQ-03,terminology_mapping,8327,7
2026-06-14,SITE-02,DQ-04,referential_integrity,10931,43
2026-06-14,SITE-03,DQ-01,required_field_completeness,4086,32
2026-06-14,SITE-03,DQ-02,identifier_conformance,5675,22
2026-06-14,SITE-03,DQ-03,terminology_mapping,14466,9
2026-06-14,SITE-03,DQ-04,referential_integrity,6088,35
2026-06-14,SITE-04,DQ-01,required_field_completeness,12184,28
2026-06-14,SITE-04,DQ-02,identifier_conformance,11945,40
2026-06-14,SITE-04,DQ-03,terminology_mapping,12834,30
2026-06-14,SITE-04,DQ-04,referential_integrity,5013,11
2026-06-14,SITE-05,DQ-01,required_field_completeness,4272,12
2026-06-14,SITE-05,DQ-02,identifier_conformance,8571,9
2026-06-14,SITE-05,DQ-03,terminology_mapping,10692,10
2026-06-14,SITE-05,DQ-04,referential_integrity,11124,12
2026-06-14,SITE-06,DQ-01,required_field_completeness,12747,38
2026-06-14,SITE-06,DQ-02,identifier_conformance,8078,42
2026-06-14,SITE-06,DQ-03,terminology_mapping,13491,23
2026-06-14,SITE-06,DQ-04,referential_integrity,5196,23
2026-06-15,SITE-01,DQ-01,required_field_completeness,10360,2
2026-06-15,SITE-01,DQ-02,identifier_conformance,11566,37
2026-06-15,SITE-01,DQ-03,terminology_mapping,9696,7
2026-06-15,SITE-01,DQ-04,referential_integrity,6967,6
2026-06-15,SITE-02,DQ-01,required_field_completeness,9201,19
2026-06-15,SITE-02,DQ-02,identifier_conformance,14117,44
2026-06-15,SITE-02,DQ-03,terminology_mapping,13180,44
2026-06-15,SITE-02,DQ-04,referential_integrity,6479,28
2026-06-15,SITE-03,DQ-01,required_field_completeness,8880,35
2026-06-15,SITE-03,DQ-02,identifier_conformance,14219,15
2026-06-15,SITE-03,DQ-03,terminology_mapping,10512,31
2026-06-15,SITE-03,DQ-04,referential_integrity,4182,18
2026-06-15,SITE-04,DQ-01,required_field_completeness,4474,45
2026-06-15,SITE-04,DQ-02,identifier_conformance,11131,8
2026-06-15,SITE-04,DQ-03,terminology_mapping,12475,10
2026-06-15,SITE-04,DQ-04,referential_integrity,13271,14
2026-06-15,SITE-05,DQ-01,required_field_completeness,12789,36
2026-06-15,SITE-05,DQ-02,identifier_conformance,12335,39
2026-06-15,SITE-05,DQ-03,terminology_mapping,11523,2
2026-06-15,SITE-05,DQ-04,referential_integrity,7000,43
2026-06-15,SITE-06,DQ-01,required_field_completeness,9723,42
2026-06-15,SITE-06,DQ-02,identifier_conformance,6102,32
2026-06-15,SITE-06,DQ-03,terminology_mapping,14317,30
2026-06-15,SITE-06,DQ-04,referential_integrity,6418,33
2026-06-16,SITE-01,DQ-01,required_field_completeness,13096,15
2026-06-16,SITE-01,DQ-02,identifier_conformance,14081,9
2026-06-16,SITE-01,DQ-03,terminology_mapping,9488,12
2026-06-16,SITE-01,DQ-04,referential_integrity,10505,16
2026-06-16,SITE-02,DQ-01,required_field_completeness,4988,2
2026-06-16,SITE-02,DQ-02,identifier_conformance,11262,10
2026-06-16,SITE-02,DQ-03,terminology_mapping,9276,7
2026-06-16,SITE-02,DQ-04,referential_integrity,7451,20
2026-06-16,SITE-03,DQ-01,required_field_completeness,14122,36
2026-06-16,SITE-03,DQ-02,identifier_conformance,9200,29
2026-06-16,SITE-03,DQ-03,terminology_mapping,10985,3
2026-06-16,SITE-03,DQ-04,referential_integrity,11165,25
2026-06-16,SITE-04,DQ-01,required_field_completeness,10956,34
2026-06-16,SITE-04,DQ-02,identifier_conformance,14727,22
2026-06-16,SITE-04,DQ-03,terminology_mapping,12787,11
2026-06-16,SITE-04,DQ-04,referential_integrity,6024,4
2026-06-16,SITE-05,DQ-01,required_field_completeness,12114,26
2026-06-16,SITE-05,DQ-02,identifier_conformance,12717,24
2026-06-16,SITE-05,DQ-03,terminology_mapping,4032,37
2026-06-16,SITE-05,DQ-04,referential_integrity,4802,29
2026-06-16,SITE-06,DQ-01,required_field_completeness,14455,16
2026-06-16,SITE-06,DQ-02,identifier_conformance,9246,3
2026-06-16,SITE-06,DQ-03,terminology_mapping,4839,22
2026-06-16,SITE-06,DQ-04,referential_integrity,7167,25
2026-06-17,SITE-01,DQ-01,required_field_completeness,5369,21
2026-06-17,SITE-01,DQ-02,identifier_conformance,5745,5
2026-06-17,SITE-01,DQ-03,terminology_mapping,13172,45
2026-06-17,SITE-01,DQ-04,referential_integrity,13632,26
2026-06-17,SITE-02,DQ-01,required_field_completeness,9012,13
2026-06-17,SITE-02,DQ-02,identifier_conformance,6519,8
2026-06-17,SITE-02,DQ-03,terminology_mapping,9090,2
2026-06-17,SITE-02,DQ-04,referential_integrity,10775,16
2026-06-17,SITE-03,DQ-01,required_field_completeness,6552,7
2026-06-17,SITE-03,DQ-02,identifier_conformance,6774,14
2026-06-17,SITE-03,DQ-03,terminology_mapping,9699,22
2026-06-17,SITE-03,DQ-04,referential_integrity,11201,7
2026-06-17,SITE-04,DQ-01,required_field_completeness,8462,4
2026-06-17,SITE-04,DQ-02,identifier_conformance,10904,33
2026-06-17,SITE-04,DQ-03,terminology_mapping,9317,7
2026-06-17,SITE-04,DQ-04,referential_integrity,11228,8
2026-06-17,SITE-05,DQ-01,required_field_completeness,7788,6
2026-06-17,SITE-05,DQ-02,identifier_conformance,8381,40
2026-06-17,SITE-05,DQ-03,terminology_mapping,9123,35
2026-06-17,SITE-05,DQ-04,referential_integrity,5061,12
2026-06-17,SITE-06,DQ-01,required_field_completeness,8891,14
2026-06-17,SITE-06,DQ-02,identifier_conformance,7162,9
2026-06-17,SITE-06,DQ-03,terminology_mapping,11019,21
2026-06-17,SITE-06,DQ-04,referential_integrity,10743,6
2026-06-18,SITE-01,DQ-01,required_field_completeness,13121,45
2026-06-18,SITE-01,DQ-02,identifier_conformance,8726,15
2026-06-18,SITE-01,DQ-03,terminology_mapping,4933,28
2026-06-18,SITE-01,DQ-04,referential_integrity,11853,4
2026-06-18,SITE-02,DQ-01,required_field_completeness,4329,20
2026-06-18,SITE-02,DQ-02,identifier_conformance,8180,20
2026-06-18,SITE-02,DQ-03,terminology_mapping,10361,27
2026-06-18,SITE-02,DQ-04,referential_integrity,4762,40
2026-06-18,SITE-03,DQ-01,required_field_completeness,10309,6
2026-06-18,SITE-03,DQ-02,identifier_conformance,10247,17
2026-06-18,SITE-03,DQ-03,terminology_mapping,10114,40
2026-06-18,SITE-03,DQ-04,referential_integrity,9077,30
2026-06-18,SITE-04,DQ-01,required_field_completeness,7226,33
2026-06-18,SITE-04,DQ-02,identifier_conformance,4532,5
2026-06-18,SITE-04,DQ-03,terminology_mapping,8535,28
2026-06-18,SITE-04,DQ-04,referential_integrity,7930,36
2026-06-18,SITE-05,DQ-01,required_field_completeness,8283,27
2026-06-18,SITE-05,DQ-02,identifier_conformance,12757,36
2026-06-18,SITE-05,DQ-03,terminology_mapping,8266,25
2026-06-18,SITE-05,DQ-04,referential_integrity,3775,31
2026-06-18,SITE-06,DQ-01,required_field_completeness,14549,4
2026-06-18,SITE-06,DQ-02,identifier_conformance,9000,39
2026-06-18,SITE-06,DQ-03,terminology_mapping,11551,26
2026-06-18,SITE-06,DQ-04,referential_integrity,5019,19
2026-06-19,SITE-01,DQ-01,required_field_completeness,13700,5
2026-06-19,SITE-01,DQ-02,identifier_conformance,3623,20
2026-06-19,SITE-01,DQ-03,terminology_mapping,8382,12
2026-06-19,SITE-01,DQ-04,referential_integrity,5382,17
2026-06-19,SITE-02,DQ-01,required_field_completeness,3983,32
2026-06-19,SITE-02,DQ-02,identifier_conformance,13249,3
2026-06-19,SITE-02,DQ-03,terminology_mapping,3967,25
2026-06-19,SITE-02,DQ-04,referential_integrity,3623,30
2026-06-19,SITE-03,DQ-01,required_field_completeness,12281,35
2026-06-19,SITE-03,DQ-02,identifier_conformance,6162,3
2026-06-19,SITE-03,DQ-03,terminology_mapping,10367,8
2026-06-19,SITE-03,DQ-04,referential_integrity,10083,37
2026-06-19,SITE-04,DQ-01,required_field_completeness,14208,33
2026-06-19,SITE-04,DQ-02,identifier_conformance,5090,24
2026-06-19,SITE-04,DQ-03,terminology_mapping,9827,19
2026-06-19,SITE-04,DQ-04,referential_integrity,11743,26
2026-06-19,SITE-05,DQ-01,required_field_completeness,14928,11
2026-06-19,SITE-05,DQ-02,identifier_conformance,14541,21
2026-06-19,SITE-05,DQ-03,terminology_mapping,11062,36
2026-06-19,SITE-05,DQ-04,referential_integrity,12986,35
2026-06-19,SITE-06,DQ-01,required_field_completeness,11951,5
2026-06-19,SITE-06,DQ-02,identifier_conformance,13596,36
2026-06-19,SITE-06,DQ-03,terminology_mapping,13303,37
2026-06-19,SITE-06,DQ-04,referential_integrity,4312,40
2026-06-20,SITE-01,DQ-01,required_field_completeness,11283,10
2026-06-20,SITE-01,DQ-02,identifier_conformance,9650,2
2026-06-20,SITE-01,DQ-03,terminology_mapping,13017,12
2026-06-20,SITE-01,DQ-04,referential_integrity,12724,19
2026-06-20,SITE-02,DQ-01,required_field_completeness,5864,33
2026-06-20,SITE-02,DQ-02,identifier_conformance,5342,42
2026-06-20,SITE-02,DQ-03,terminology_mapping,8530,29
2026-06-20,SITE-02,DQ-04,referential_integrity,3615,23
2026-06-20,SITE-03,DQ-01,required_field_completeness,7180,26
2026-06-20,SITE-03,DQ-02,identifier_conformance,14850,19
2026-06-20,SITE-03,DQ-03,terminology_mapping,4826,28
2026-06-20,SITE-03,DQ-04,referential_integrity,11063,5
2026-06-20,SITE-04,DQ-01,required_field_completeness,13142,35
2026-06-20,SITE-04,DQ-02,identifier_conformance,4761,4
2026-06-20,SITE-04,DQ-03,terminology_mapping,10743,32
2026-06-20,SITE-04,DQ-04,referential_integrity,7574,23
2026-06-20,SITE-05,DQ-01,required_field_completeness,6297,8
2026-06-20,SITE-05,DQ-02,identifier_conformance,12999,26
2026-06-20,SITE-05,DQ-03,terminology_mapping,11077,9
2026-06-20,SITE-05,DQ-04,referential_integrity,10801,10
2026-06-20,SITE-06,DQ-01,required_field_completeness,7979,37
2026-06-20,SITE-06,DQ-02,identifier_conformance,14514,34
2026-06-20,SITE-06,DQ-03,terminology_mapping,5298,13
2026-06-20,SITE-06,DQ-04,referential_integrity,8964,26
2026-06-21,SITE-01,DQ-01,required_field_completeness,10222,34
2026-06-21,SITE-01,DQ-02,identifier_conformance,11246,35
2026-06-21,SITE-01,DQ-03,terminology_mapping,10630,10
2026-06-21,SITE-01,DQ-04,referential_integrity,13265,21
2026-06-21,SITE-02,DQ-01,required_field_completeness,3811,35
2026-06-21,SITE-02,DQ-02,identifier_conformance,7241,17
2026-06-21,SITE-02,DQ-03,terminology_mapping,6744,31
2026-06-21,SITE-02,DQ-04,referential_integrity,14040,32
2026-06-21,SITE-03,DQ-01,required_field_completeness,13433,24
2026-06-21,SITE-03,DQ-02,identifier_conformance,14255,20
2026-06-21,SITE-03,DQ-03,terminology_mapping,8617,43
2026-06-21,SITE-03,DQ-04,referential_integrity,3817,10
2026-06-21,SITE-04,DQ-01,required_field_completeness,4987,15
2026-06-21,SITE-04,DQ-02,identifier_conformance,4183,44
2026-06-21,SITE-04,DQ-03,terminology_mapping,7382,8
2026-06-21,SITE-04,DQ-04,referential_integrity,7471,9
2026-06-21,SITE-05,DQ-01,required_field_completeness,4828,18
2026-06-21,SITE-05,DQ-02,identifier_conformance,12479,8
2026-06-21,SITE-05,DQ-03,terminology_mapping,10782,19
2026-06-21,SITE-05,DQ-04,referential_integrity,13011,32
2026-06-21,SITE-06,DQ-01,required_field_completeness,5597,24
2026-06-21,SITE-06,DQ-02,identifier_conformance,11844,19
2026-06-21,SITE-06,DQ-03,terminology_mapping,12103,40
2026-06-21,SITE-06,DQ-04,referential_integrity,14350,22
2026-06-22,SITE-01,DQ-01,required_field_completeness,13974,10
2026-06-22,SITE-01,DQ-02,identifier_conformance,5904,18
2026-06-22,SITE-01,DQ-03,terminology_mapping,6963,13
2026-06-22,SITE-01,DQ-04,referential_integrity,7207,9
2026-06-22,SITE-02,DQ-01,required_field_completeness,4111,28
2026-06-22,SITE-02,DQ-02,identifier_conformance,14241,23
2026-06-22,SITE-02,DQ-03,terminology_mapping,12784,45
2026-06-22,SITE-02,DQ-04,referential_integrity,4716,5
2026-06-22,SITE-03,DQ-01,required_field_completeness,4212,27
2026-06-22,SITE-03,DQ-02,identifier_conformance,4504,34
2026-06-22,SITE-03,DQ-03,terminology_mapping,11494,5
2026-06-22,SITE-03,DQ-04,referential_integrity,13083,45
2026-06-22,SITE-04,DQ-01,required_field_completeness,10822,45
2026-06-22,SITE-04,DQ-02,identifier_conformance,6766,44
2026-06-22,SITE-04,DQ-03,terminology_mapping,8695,29
2026-06-22,SITE-04,DQ-04,referential_integrity,9522,5
2026-06-22,SITE-05,DQ-01,required_field_completeness,13977,6
2026-06-22,SITE-05,DQ-02,identifier_conformance,9705,27
2026-06-22,SITE-05,DQ-03,terminology_mapping,11073,15
2026-06-22,SITE-05,DQ-04,referential_integrity,5957,30
2026-06-22,SITE-06,DQ-01,required_field_completeness,10745,45
2026-06-22,SITE-06,DQ-02,identifier_conformance,12481,8
2026-06-22,SITE-06,DQ-03,terminology_mapping,6060,2
2026-06-22,SITE-06,DQ-04,referential_integrity,10017,17
2026-06-23,SITE-01,DQ-01,required_field_completeness,7215,10
2026-06-23,SITE-01,DQ-02,identifier_conformance,7128,28
2026-06-23,SITE-01,DQ-03,terminology_mapping,14889,39
2026-06-23,SITE-01,DQ-04,referential_integrity,5694,45
2026-06-23,SITE-02,DQ-01,required_field_completeness,3839,44
2026-06-23,SITE-02,DQ-02,identifier_conformance,13476,13
2026-06-23,SITE-02,DQ-03,terminology_mapping,8524,41
2026-06-23,SITE-02,DQ-04,referential_integrity,6368,24
2026-06-23,SITE-03,DQ-01,required_field_completeness,4863,23
2026-06-23,SITE-03,DQ-02,identifier_conformance,13974,6
2026-06-23,SITE-03,DQ-03,terminology_mapping,9215,44
2026-06-23,SITE-03,DQ-04,referential_integrity,4385,45
2026-06-23,SITE-04,DQ-01,required_field_completeness,12503,5
2026-06-23,SITE-04,DQ-02,identifier_conformance,14442,31
2026-06-23,SITE-04,DQ-03,terminology_mapping,13432,33
2026-06-23,SITE-04,DQ-04,referential_integrity,4706,31
2026-06-23,SITE-05,DQ-01,required_field_completeness,11030,2
2026-06-23,SITE-05,DQ-02,identifier_conformance,13351,41
2026-06-23,SITE-05,DQ-03,terminology_mapping,13361,42
2026-06-23,SITE-05,DQ-04,referential_integrity,6284,41
2026-06-23,SITE-06,DQ-01,required_field_completeness,9495,25
2026-06-23,SITE-06,DQ-02,identifier_conformance,4521,2
2026-06-23,SITE-06,DQ-03,terminology_mapping,14067,22
2026-06-23,SITE-06,DQ-04,referential_integrity,13735,33
2026-06-24,SITE-01,DQ-01,required_field_completeness,11443,39
2026-06-24,SITE-01,DQ-02,identifier_conformance,6742,4
2026-06-24,SITE-01,DQ-03,terminology_mapping,13331,15
2026-06-24,SITE-01,DQ-04,referential_integrity,11074,42
2026-06-24,SITE-02,DQ-01,required_field_completeness,10000,2
2026-06-24,SITE-02,DQ-02,identifier_conformance,12579,22
2026-06-24,SITE-02,DQ-03,terminology_mapping,9255,5
2026-06-24,SITE-02,DQ-04,referential_integrity,12836,27
2026-06-24,SITE-03,DQ-01,required_field_completeness,8682,19
2026-06-24,SITE-03,DQ-02,identifier_conformance,4558,8
2026-06-24,SITE-03,DQ-03,terminology_mapping,12933,21
2026-06-24,SITE-03,DQ-04,referential_integrity,9971,9
2026-06-24,SITE-04,DQ-01,required_field_completeness,5002,40
2026-06-24,SITE-04,DQ-02,identifier_conformance,11852,29
2026-06-24,SITE-04,DQ-03,terminology_mapping,9347,4
2026-06-24,SITE-04,DQ-04,referential_integrity,9061,41
2026-06-24,SITE-05,DQ-01,required_field_completeness,14701,14
2026-06-24,SITE-05,DQ-02,identifier_conformance,12945,35
2026-06-24,SITE-05,DQ-03,terminology_mapping,8429,16
2026-06-24,SITE-05,DQ-04,referential_integrity,8815,2
2026-06-24,SITE-06,DQ-01,required_field_completeness,12076,21
2026-06-24,SITE-06,DQ-02,identifier_conformance,10325,20
2026-06-24,SITE-06,DQ-03,terminology_mapping,9053,33
2026-06-24,SITE-06,DQ-04,referential_integrity,12084,41
2026-06-25,SITE-01,DQ-01,required_field_completeness,7858,36
2026-06-25,SITE-01,DQ-02,identifier_conformance,9362,6
2026-06-25,SITE-01,DQ-03,terminology_mapping,10186,24
2026-06-25,SITE-01,DQ-04,referential_integrity,8162,40
2026-06-25,SITE-02,DQ-01,required_field_completeness,5684,21
2026-06-25,SITE-02,DQ-02,identifier_conformance,9684,5
2026-06-25,SITE-02,DQ-03,terminology_mapping,9179,10
2026-06-25,SITE-02,DQ-04,referential_integrity,7559,8
2026-06-25,SITE-03,DQ-01,required_field_completeness,12261,41
2026-06-25,SITE-03,DQ-02,identifier_conformance,6085,38
2026-06-25,SITE-03,DQ-03,terminology_mapping,5278,41
2026-06-25,SITE-03,DQ-04,referential_integrity,10680,40
2026-06-25,SITE-04,DQ-01,required_field_completeness,11094,10
2026-06-25,SITE-04,DQ-02,identifier_conformance,9778,22
2026-06-25,SITE-04,DQ-03,terminology_mapping,11862,19
2026-06-25,SITE-04,DQ-04,referential_integrity,4472,30
2026-06-25,SITE-05,DQ-01,required_field_completeness,9804,6
2026-06-25,SITE-05,DQ-02,identifier_conformance,14463,3
2026-06-25,SITE-05,DQ-03,terminology_mapping,7754,8
2026-06-25,SITE-05,DQ-04,referential_integrity,7073,12
2026-06-25,SITE-06,DQ-01,required_field_completeness,8456,31
2026-06-25,SITE-06,DQ-02,identifier_conformance,13447,29
2026-06-25,SITE-06,DQ-03,terminology_mapping,8739,44
2026-06-25,SITE-06,DQ-04,referential_integrity,12709,15
2026-06-26,SITE-01,DQ-01,required_field_completeness,7647,24
2026-06-26,SITE-01,DQ-02,identifier_conformance,4970,40
2026-06-26,SITE-01,DQ-03,terminology_mapping,13031,6
2026-06-26,SITE-01,DQ-04,referential_integrity,11401,8
2026-06-26,SITE-02,DQ-01,required_field_completeness,11897,10
2026-06-26,SITE-02,DQ-02,identifier_conformance,7165,35
2026-06-26,SITE-02,DQ-03,terminology_mapping,13081,2
2026-06-26,SITE-02,DQ-04,referential_integrity,5651,5
2026-06-26,SITE-03,DQ-01,required_field_completeness,11630,30
2026-06-26,SITE-03,DQ-02,identifier_conformance,11615,3
2026-06-26,SITE-03,DQ-03,terminology_mapping,10851,19
2026-06-26,SITE-03,DQ-04,referential_integrity,4140,43
2026-06-26,SITE-04,DQ-01,required_field_completeness,12119,2
2026-06-26,SITE-04,DQ-02,identifier_conformance,11158,45
2026-06-26,SITE-04,DQ-03,terminology_mapping,5409,23
2026-06-26,SITE-04,DQ-04,referential_integrity,6389,28
2026-06-26,SITE-05,DQ-01,required_field_completeness,8894,39
2026-06-26,SITE-05,DQ-02,identifier_conformance,5564,28
2026-06-26,SITE-05,DQ-03,terminology_mapping,11945,35
2026-06-26,SITE-05,DQ-04,referential_integrity,8016,20
2026-06-26,SITE-06,DQ-01,required_field_completeness,14774,20
2026-06-26,SITE-06,DQ-02,identifier_conformance,9226,7
2026-06-26,SITE-06,DQ-03,terminology_mapping,9983,25
2026-06-26,SITE-06,DQ-04,referential_integrity,6856,14
2026-06-27,SITE-01,DQ-01,required_field_completeness,3522,8
2026-06-27,SITE-01,DQ-02,identifier_conformance,4992,39
2026-06-27,SITE-01,DQ-03,terminology_mapping,11489,5
2026-06-27,SITE-01,DQ-04,referential_integrity,11241,12
2026-06-27,SITE-02,DQ-01,required_field_completeness,4306,41
2026-06-27,SITE-02,DQ-02,identifier_conformance,8973,41
2026-06-27,SITE-02,DQ-03,terminology_mapping,9885,20
2026-06-27,SITE-02,DQ-04,referential_integrity,7951,16
2026-06-27,SITE-03,DQ-01,required_field_completeness,4884,16
2026-06-27,SITE-03,DQ-02,identifier_conformance,3796,11
2026-06-27,SITE-03,DQ-03,terminology_mapping,3968,12
2026-06-27,SITE-03,DQ-04,referential_integrity,11589,39
2026-06-27,SITE-04,DQ-01,required_field_completeness,10380,28
2026-06-27,SITE-04,DQ-02,identifier_conformance,9529,37
2026-06-27,SITE-04,DQ-03,terminology_mapping,8640,21
2026-06-27,SITE-04,DQ-04,referential_integrity,6588,36
2026-06-27,SITE-05,DQ-01,required_field_completeness,10552,8
2026-06-27,SITE-05,DQ-02,identifier_conformance,11091,3
2026-06-27,SITE-05,DQ-03,terminology_mapping,9325,40
2026-06-27,SITE-05,DQ-04,referential_integrity,13650,34
2026-06-27,SITE-06,DQ-01,required_field_completeness,4324,17
2026-06-27,SITE-06,DQ-02,identifier_conformance,5560,16
2026-06-27,SITE-06,DQ-03,terminology_mapping,8781,45
2026-06-27,SITE-06,DQ-04,referential_integrity,6822,17
2026-06-28,SITE-01,DQ-01,required_field_completeness,8340,11
2026-06-28,SITE-01,DQ-02,identifier_conformance,11744,33
2026-06-28,SITE-01,DQ-03,terminology_mapping,5251,15
2026-06-28,SITE-01,DQ-04,referential_integrity,12365,33
2026-06-28,SITE-02,DQ-01,required_field_completeness,4341,25
2026-06-28,SITE-02,DQ-02,identifier_conformance,7041,6
2026-06-28,SITE-02,DQ-03,terminology_mapping,6294,20
2026-06-28,SITE-02,DQ-04,referential_integrity,14683,4
2026-06-28,SITE-03,DQ-01,required_field_completeness,3540,24
2026-06-28,SITE-03,DQ-02,identifier_conformance,4847,24
2026-06-28,SITE-03,DQ-03,terminology_mapping,4259,15
2026-06-28,SITE-03,DQ-04,referential_integrity,10600,17
2026-06-28,SITE-04,DQ-01,required_field_completeness,13594,409
2026-06-28,SITE-04,DQ-02,identifier_conformance,5080,24
2026-06-28,SITE-04,DQ-03,terminology_mapping,12255,299
2026-06-28,SITE-04,DQ-04,referential_integrity,5551,30
2026-06-28,SITE-05,DQ-01,required_field_completeness,5127,18
2026-06-28,SITE-05,DQ-02,identifier_conformance,10712,9
2026-06-28,SITE-05,DQ-03,terminology_mapping,7498,38
2026-06-28,SITE-05,DQ-04,referential_integrity,9942,18
2026-06-28,SITE-06,DQ-01,required_field_completeness,3559,36
2026-06-28,SITE-06,DQ-02,identifier_conformance,12577,26
2026-06-28,SITE-06,DQ-03,terminology_mapping,12291,17
2026-06-28,SITE-06,DQ-04,referential_integrity,10855,11
2026-06-29,SITE-01,DQ-01,required_field_completeness,14878,33
2026-06-29,SITE-01,DQ-02,identifier_conformance,7162,14
2026-06-29,SITE-01,DQ-03,terminology_mapping,5545,32
2026-06-29,SITE-01,DQ-04,referential_integrity,8110,16
2026-06-29,SITE-02,DQ-01,required_field_completeness,12564,7
2026-06-29,SITE-02,DQ-02,identifier_conformance,11844,24
2026-06-29,SITE-02,DQ-03,terminology_mapping,10326,5
2026-06-29,SITE-02,DQ-04,referential_integrity,12164,9
2026-06-29,SITE-03,DQ-01,required_field_completeness,4343,42
2026-06-29,SITE-03,DQ-02,identifier_conformance,11080,26
2026-06-29,SITE-03,DQ-03,terminology_mapping,7370,12
2026-06-29,SITE-03,DQ-04,referential_integrity,4527,30
2026-06-29,SITE-04,DQ-01,required_field_completeness,12695,267
2026-06-29,SITE-04,DQ-02,identifier_conformance,7469,10
2026-06-29,SITE-04,DQ-03,terminology_mapping,11214,434
2026-06-29,SITE-04,DQ-04,referential_integrity,13430,32
2026-06-29,SITE-05,DQ-01,required_field_completeness,10320,9
2026-06-29,SITE-05,DQ-02,identifier_conformance,14026,2
2026-06-29,SITE-05,DQ-03,terminology_mapping,5742,20
2026-06-29,SITE-05,DQ-04,referential_integrity,5689,3
2026-06-29,SITE-06,DQ-01,required_field_completeness,13229,18
2026-06-29,SITE-06,DQ-02,identifier_conformance,14043,40
2026-06-29,SITE-06,DQ-03,terminology_mapping,5747,39
2026-06-29,SITE-06,DQ-04,referential_integrity,8481,30
2026-06-30,SITE-01,DQ-01,required_field_completeness,5857,27
2026-06-30,SITE-01,DQ-02,identifier_conformance,11547,35
2026-06-30,SITE-01,DQ-03,terminology_mapping,3964,42
2026-06-30,SITE-01,DQ-04,referential_integrity,6114,45
2026-06-30,SITE-02,DQ-01,required_field_completeness,14359,33
2026-06-30,SITE-02,DQ-02,identifier_conformance,6565,33
2026-06-30,SITE-02,DQ-03,terminology_mapping,7038,22
2026-06-30,SITE-02,DQ-04,referential_integrity,9158,14
2026-06-30,SITE-03,DQ-01,required_field_completeness,4422,30
2026-06-30,SITE-03,DQ-02,identifier_conformance,11014,32
2026-06-30,SITE-03,DQ-03,terminology_mapping,10696,10
2026-06-30,SITE-03,DQ-04,referential_integrity,8243,19
2026-06-30,SITE-04,DQ-01,required_field_completeness,10563,657
2026-06-30,SITE-04,DQ-02,identifier_conformance,6653,19
2026-06-30,SITE-04,DQ-03,terminology_mapping,8457,573
2026-06-30,SITE-04,DQ-04,referential_integrity,4541,45
2026-06-30,SITE-05,DQ-01,required_field_completeness,12840,34
2026-06-30,SITE-05,DQ-02,identifier_conformance,13653,11
2026-06-30,SITE-05,DQ-03,terminology_mapping,12594,38
2026-06-30,SITE-05,DQ-04,referential_integrity,12266,6
2026-06-30,SITE-06,DQ-01,required_field_completeness,9503,31
2026-06-30,SITE-06,DQ-02,identifier_conformance,4812,28
2026-06-30,SITE-06,DQ-03,terminology_mapping,11363,15
2026-06-30,SITE-06,DQ-04,referential_integrity,4895,26
2026-07-01,SITE-01,DQ-01,required_field_completeness,10993,34
2026-07-01,SITE-01,DQ-02,identifier_conformance,10726,5
2026-07-01,SITE-01,DQ-03,terminology_mapping,5503,38
2026-07-01,SITE-01,DQ-04,referential_integrity,13684,28
2026-07-01,SITE-02,DQ-01,required_field_completeness,5878,45
2026-07-01,SITE-02,DQ-02,identifier_conformance,11012,6
2026-07-01,SITE-02,DQ-03,terminology_mapping,5749,9
2026-07-01,SITE-02,DQ-04,referential_integrity,11834,7
2026-07-01,SITE-03,DQ-01,required_field_completeness,14216,29
2026-07-01,SITE-03,DQ-02,identifier_conformance,5277,10
2026-07-01,SITE-03,DQ-03,terminology_mapping,5229,6
2026-07-01,SITE-03,DQ-04,referential_integrity,13493,6
2026-07-01,SITE-04,DQ-01,required_field_completeness,10794,635
2026-07-01,SITE-04,DQ-02,identifier_conformance,6115,19
2026-07-01,SITE-04,DQ-03,terminology_mapping,13577,619
2026-07-01,SITE-04,DQ-04,referential_integrity,12855,42
2026-07-01,SITE-05,DQ-01,required_field_completeness,12428,5
2026-07-01,SITE-05,DQ-02,identifier_conformance,3868,14
2026-07-01,SITE-05,DQ-03,terminology_mapping,9188,29
2026-07-01,SITE-05,DQ-04,referential_integrity,5071,10
2026-07-01,SITE-06,DQ-01,required_field_completeness,13185,6
2026-07-01,SITE-06,DQ-02,identifier_conformance,7751,12
2026-07-01,SITE-06,DQ-03,terminology_mapping,4262,15
2026-07-01,SITE-06,DQ-04,referential_integrity,12655,24
2026-07-02,SITE-01,DQ-01,required_field_completeness,10202,34
2026-07-02,SITE-01,DQ-02,identifier_conformance,6884,32
2026-07-02,SITE-01,DQ-03,terminology_mapping,6855,15
2026-07-02,SITE-01,DQ-04,referential_integrity,3759,28
2026-07-02,SITE-02,DQ-01,required_field_completeness,3969,7
2026-07-02,SITE-02,DQ-02,identifier_conformance,10063,11
2026-07-02,SITE-02,DQ-03,terminology_mapping,14098,2
2026-07-02,SITE-02,DQ-04,referential_integrity,9250,38
2026-07-02,SITE-03,DQ-01,required_field_completeness,9131,17
2026-07-02,SITE-03,DQ-02,identifier_conformance,6544,41
2026-07-02,SITE-03,DQ-03,terminology_mapping,6780,35
2026-07-02,SITE-03,DQ-04,referential_integrity,8087,40
2026-07-02,SITE-04,DQ-01,required_field_completeness,12702,20
2026-07-02,SITE-04,DQ-02,identifier_conformance,7804,14
2026-07-02,SITE-04,DQ-03,terminology_mapping,7729,45
2026-07-02,SITE-04,DQ-04,referential_integrity,6965,37
2026-07-02,SITE-05,DQ-01,required_field_completeness,9164,12
2026-07-02,SITE-05,DQ-02,identifier_conformance,12619,39
2026-07-02,SITE-05,DQ-03,terminology_mapping,3932,18
2026-07-02,SITE-05,DQ-04,referential_integrity,14098,4
2026-07-02,SITE-06,DQ-01,required_field_completeness,8587,9
2026-07-02,SITE-06,DQ-02,identifier_conformance,4150,39
2026-07-02,SITE-06,DQ-03,terminology_mapping,13501,17
2026-07-02,SITE-06,DQ-04,referential_integrity,7463,6
2026-07-03,SITE-01,DQ-01,required_field_completeness,5139,14
2026-07-03,SITE-01,DQ-02,identifier_conformance,14509,11
2026-07-03,SITE-01,DQ-03,terminology_mapping,11160,19
2026-07-03,SITE-01,DQ-04,referential_integrity,6598,25
2026-07-03,SITE-02,DQ-01,required_field_completeness,3517,42
2026-07-03,SITE-02,DQ-02,identifier_conformance,6332,40
2026-07-03,SITE-02,DQ-03,terminology_mapping,13013,17
2026-07-03,SITE-02,DQ-04,referential_integrity,13699,16
2026-07-03,SITE-03,DQ-01,required_field_completeness,13038,41
2026-07-03,SITE-03,DQ-02,identifier_conformance,8805,8
2026-07-03,SITE-03,DQ-03,terminology_mapping,9713,40
2026-07-03,SITE-03,DQ-04,referential_integrity,12835,20
2026-07-03,SITE-04,DQ-01,required_field_completeness,7548,43
2026-07-03,SITE-04,DQ-02,identifier_conformance,9931,12
2026-07-03,SITE-04,DQ-03,terminology_mapping,7187,44
2026-07-03,SITE-04,DQ-04,referential_integrity,3954,17
2026-07-03,SITE-05,DQ-01,required_field_completeness,9511,9
2026-07-03,SITE-05,DQ-02,identifier_conformance,10612,10
2026-07-03,SITE-05,DQ-03,terminology_mapping,12462,20
2026-07-03,SITE-05,DQ-04,referential_integrity,11985,40
2026-07-03,SITE-06,DQ-01,required_field_completeness,12560,4
2026-07-03,SITE-06,DQ-02,identifier_conformance,14610,12
2026-07-03,SITE-06,DQ-03,terminology_mapping,12637,37
2026-07-03,SITE-06,DQ-04,referential_integrity,13267,17
2026-07-04,SITE-01,DQ-01,required_field_completeness,8298,9
2026-07-04,SITE-01,DQ-02,identifier_conformance,12928,30
2026-07-04,SITE-01,DQ-03,terminology_mapping,8615,8
2026-07-04,SITE-01,DQ-04,referential_integrity,8303,3
2026-07-04,SITE-02,DQ-01,required_field_completeness,12916,27
2026-07-04,SITE-02,DQ-02,identifier_conformance,11992,31
2026-07-04,SITE-02,DQ-03,terminology_mapping,11220,13
2026-07-04,SITE-02,DQ-04,referential_integrity,13518,7
2026-07-04,SITE-03,DQ-01,required_field_completeness,14869,16
2026-07-04,SITE-03,DQ-02,identifier_conformance,14679,19
2026-07-04,SITE-03,DQ-03,terminology_mapping,6827,2
2026-07-04,SITE-03,DQ-04,referential_integrity,6668,44
2026-07-04,SITE-04,DQ-01,required_field_completeness,4806,13
2026-07-04,SITE-04,DQ-02,identifier_conformance,12077,13
2026-07-04,SITE-04,DQ-03,terminology_mapping,13087,43
2026-07-04,SITE-04,DQ-04,referential_integrity,14714,40
2026-07-04,SITE-05,DQ-01,required_field_completeness,13734,32
2026-07-04,SITE-05,DQ-02,identifier_conformance,11219,41
2026-07-04,SITE-05,DQ-03,terminology_mapping,5807,20
2026-07-04,SITE-05,DQ-04,referential_integrity,11801,31
2026-07-04,SITE-06,DQ-01,required_field_completeness,12101,35
2026-07-04,SITE-06,DQ-02,identifier_conformance,7028,19
2026-07-04,SITE-06,DQ-03,terminology_mapping,5144,39
2026-07-04,SITE-06,DQ-04,referential_integrity,8406,41
2026-07-05,SITE-01,DQ-01,required_field_completeness,7911,37
2026-07-05,SITE-01,DQ-02,identifier_conformance,6916,20
2026-07-05,SITE-01,DQ-03,terminology_mapping,8550,25
2026-07-05,SITE-01,DQ-04,referential_integrity,10584,33
2026-07-05,SITE-02,DQ-01,required_field_completeness,12497,13
2026-07-05,SITE-02,DQ-02,identifier_conformance,9333,11
2026-07-05,SITE-02,DQ-03,terminology_mapping,11757,33
2026-07-05,SITE-02,DQ-04,referential_integrity,11997,23
2026-07-05,SITE-03,DQ-01,required_field_completeness,13678,12
2026-07-05,SITE-03,DQ-02,identifier_conformance,9801,30
2026-07-05,SITE-03,DQ-03,terminology_mapping,4924,9
2026-07-05,SITE-03,DQ-04,referential_integrity,3784,22
2026-07-05,SITE-04,DQ-01,required_field_completeness,13187,41
2026-07-05,SITE-04,DQ-02,identifier_conformance,7265,29
2026-07-05,SITE-04,DQ-03,terminology_mapping,11467,40
2026-07-05,SITE-04,DQ-04,referential_integrity,13890,45
2026-07-05,SITE-05,DQ-01,required_field_completeness,12484,25
2026-07-05,SITE-05,DQ-02,identifier_conformance,14429,37
2026-07-05,SITE-05,DQ-03,terminology_mapping,7902,7
2026-07-05,SITE-05,DQ-04,referential_integrity,14558,37
2026-07-05,SITE-06,DQ-01,required_field_completeness,4318,29
2026-07-05,SITE-06,DQ-02,identifier_conformance,11365,32
2026-07-05,SITE-06,DQ-03,terminology_mapping,6225,27
2026-07-05,SITE-06,DQ-04,referential_integrity,11878,41
2026-07-06,SITE-01,DQ-01,required_field_completeness,9366,21
2026-07-06,SITE-01,DQ-02,identifier_conformance,6210,3
2026-07-06,SITE-01,DQ-03,terminology_mapping,6019,13
2026-07-06,SITE-01,DQ-04,referential_integrity,6481,12
2026-07-06,SITE-02,DQ-01,required_field_completeness,12780,35
2026-07-06,SITE-02,DQ-02,identifier_conformance,7135,20
2026-07-06,SITE-02,DQ-03,terminology_mapping,4954,43
2026-07-06,SITE-02,DQ-04,referential_integrity,10907,2
2026-07-06,SITE-03,DQ-01,required_field_completeness,12493,14
2026-07-06,SITE-03,DQ-02,identifier_conformance,10846,6
2026-07-06,SITE-03,DQ-03,terminology_mapping,13947,31
2026-07-06,SITE-03,DQ-04,referential_integrity,6182,24
2026-07-06,SITE-04,DQ-01,required_field_completeness,9551,30
2026-07-06,SITE-04,DQ-02,identifier_conformance,8185,9
2026-07-06,SITE-04,DQ-03,terminology_mapping,13549,36
2026-07-06,SITE-04,DQ-04,referential_integrity,11224,37
2026-07-06,SITE-05,DQ-01,required_field_completeness,3558,38
2026-07-06,SITE-05,DQ-02,identifier_conformance,13319,29
2026-07-06,SITE-05,DQ-03,terminology_mapping,8798,14
2026-07-06,SITE-05,DQ-04,referential_integrity,13312,45
2026-07-06,SITE-06,DQ-01,required_field_completeness,7943,23
2026-07-06,SITE-06,DQ-02,identifier_conformance,12469,34
2026-07-06,SITE-06,DQ-03,terminology_mapping,13158,4
2026-07-06,SITE-06,DQ-04,referential_integrity,14115,17
2026-07-07,SITE-01,DQ-01,required_field_completeness,11488,24
2026-07-07,SITE-01,DQ-02,identifier_conformance,8218,33
2026-07-07,SITE-01,DQ-03,terminology_mapping,6111,30
2026-07-07,SITE-01,DQ-04,referential_integrity,7297,15
2026-07-07,SITE-02,DQ-01,required_field_completeness,10668,16
2026-07-07,SITE-02,DQ-02,identifier_conformance,10413,24
2026-07-07,SITE-02,DQ-03,terminology_mapping,13353,19
2026-07-07,SITE-02,DQ-04,referential_integrity,11138,41
2026-07-07,SITE-03,DQ-01,required_field_completeness,13953,32
2026-07-07,SITE-03,DQ-02,identifier_conformance,13908,13
2026-07-07,SITE-03,DQ-03,terminology_mapping,7385,41
2026-07-07,SITE-03,DQ-04,referential_integrity,14665,36
2026-07-07,SITE-04,DQ-01,required_field_completeness,8988,25
2026-07-07,SITE-04,DQ-02,identifier_conformance,7671,29
2026-07-07,SITE-04,DQ-03,terminology_mapping,10655,33
2026-07-07,SITE-04,DQ-04,referential_integrity,14702,18
2026-07-07,SITE-05,DQ-01,required_field_completeness,13455,41
2026-07-07,SITE-05,DQ-02,identifier_conformance,7832,26
2026-07-07,SITE-05,DQ-03,terminology_mapping,10683,27
2026-07-07,SITE-05,DQ-04,referential_integrity,10070,29
2026-07-07,SITE-06,DQ-01,required_field_completeness,12963,11
2026-07-07,SITE-06,DQ-02,identifier_conformance,12066,37
2026-07-07,SITE-06,DQ-03,terminology_mapping,10623,37
2026-07-07,SITE-06,DQ-04,referential_integrity,7339,11
2026-07-08,SITE-01,DQ-01,required_field_completeness,6682,7
2026-07-08,SITE-01,DQ-02,identifier_conformance,9337,9
2026-07-08,SITE-01,DQ-03,terminology_mapping,3754,35
2026-07-08,SITE-01,DQ-04,referential_integrity,4364,19
2026-07-08,SITE-02,DQ-01,required_field_completeness,3981,13
2026-07-08,SITE-02,DQ-02,identifier_conformance,11613,8
2026-07-08,SITE-02,DQ-03,terminology_mapping,11056,3
2026-07-08,SITE-02,DQ-04,referential_integrity,6208,22
2026-07-08,SITE-03,DQ-01,required_field_completeness,3708,45
2026-07-08,SITE-03,DQ-02,identifier_conformance,4376,27
2026-07-08,SITE-03,DQ-03,terminology_mapping,8663,32
2026-07-08,SITE-03,DQ-04,referential_integrity,11544,41
2026-07-08,SITE-04,DQ-01,required_field_completeness,14119,17
2026-07-08,SITE-04,DQ-02,identifier_conformance,13179,8
2026-07-08,SITE-04,DQ-03,terminology_mapping,4059,45
2026-07-08,SITE-04,DQ-04,referential_integrity,13309,17
2026-07-08,SITE-05,DQ-01,required_field_completeness,11288,25
2026-07-08,SITE-05,DQ-02,identifier_conformance,9422,32
2026-07-08,SITE-05,DQ-03,terminology_mapping,5300,28
2026-07-08,SITE-05,DQ-04,referential_integrity,10507,32
2026-07-08,SITE-06,DQ-01,required_field_completeness,7173,14
2026-07-08,SITE-06,DQ-02,identifier_conformance,6094,33
2026-07-08,SITE-06,DQ-03,terminology_mapping,11465,19
2026-07-08,SITE-06,DQ-04,referential_integrity,7305,39
2026-07-09,SITE-01,DQ-01,required_field_completeness,4451,7
2026-07-09,SITE-01,DQ-02,identifier_conformance,13553,17
2026-07-09,SITE-01,DQ-03,terminology_mapping,4400,13
2026-07-09,SITE-01,DQ-04,referential_integrity,8920,34
2026-07-09,SITE-02,DQ-01,required_field_completeness,10015,8
2026-07-09,SITE-02,DQ-02,identifier_conformance,7224,2
2026-07-09,SITE-02,DQ-03,terminology_mapping,14784,39
2026-07-09,SITE-02,DQ-04,referential_integrity,7810,4
2026-07-09,SITE-03,DQ-01,required_field_completeness,8962,17
2026-07-09,SITE-03,DQ-02,identifier_conformance,11401,31
2026-07-09,SITE-03,DQ-03,terminology_mapping,6713,34
2026-07-09,SITE-03,DQ-04,referential_integrity,13771,13
2026-07-09,SITE-04,DQ-01,required_field_completeness,7616,7
2026-07-09,SITE-04,DQ-02,identifier_conformance,14074,8
2026-07-09,SITE-04,DQ-03,terminology_mapping,4069,9
2026-07-09,SITE-04,DQ-04,referential_integrity,4879,4
2026-07-09,SITE-05,DQ-01,required_field_completeness,12388,3
2026-07-09,SITE-05,DQ-02,identifier_conformance,6710,18
2026-07-09,SITE-05,DQ-03,terminology_mapping,13149,30
2026-07-09,SITE-05,DQ-04,referential_integrity,8870,11
2026-07-09,SITE-06,DQ-01,required_field_completeness,11073,45
2026-07-09,SITE-06,DQ-02,identifier_conformance,12584,41
2026-07-09,SITE-06,DQ-03,terminology_mapping,7303,30
2026-07-09,SITE-06,DQ-04,referential_integrity,12317,14
2026-07-10,SITE-01,DQ-01,required_field_completeness,10545,35
2026-07-10,SITE-01,DQ-02,identifier_conformance,7567,3
2026-07-10,SITE-01,DQ-03,terminology_mapping,5198,10
2026-07-10,SITE-01,DQ-04,referential_integrity,4850,34
2026-07-10,SITE-02,DQ-01,required_field_completeness,7151,13
2026-07-10,SITE-02,DQ-02,identifier_conformance,13725,37
2026-07-10,SITE-02,DQ-03,terminology_mapping,7644,20
2026-07-10,SITE-02,DQ-04,referential_integrity,3626,25
2026-07-10,SITE-03,DQ-01,required_field_completeness,10598,45
2026-07-10,SITE-03,DQ-02,identifier_conformance,10914,18
2026-07-10,SITE-03,DQ-03,terminology_mapping,3661,33
2026-07-10,SITE-03,DQ-04,referential_integrity,10043,18
2026-07-10,SITE-04,DQ-01,required_field_completeness,5536,27
2026-07-10,SITE-04,DQ-02,identifier_conformance,14290,22
2026-07-10,SITE-04,DQ-03,terminology_mapping,14769,28
2026-07-10,SITE-04,DQ-04,referential_integrity,8692,6
2026-07-10,SITE-05,DQ-01,required_field_completeness,12103,24
2026-07-10,SITE-05,DQ-02,identifier_conformance,9910,16
2026-07-10,SITE-05,DQ-03,terminology_mapping,9301,2
2026-07-10,SITE-05,DQ-04,referential_integrity,11389,21
2026-07-10,SITE-06,DQ-01,required_field_completeness,11886,11
2026-07-10,SITE-06,DQ-02,identifier_conformance,11007,39
2026-07-10,SITE-06,DQ-03,terminology_mapping,7654,27
2026-07-10,SITE-06,DQ-04,referential_integrity,3788,17
2026-07-11,SITE-01,DQ-01,required_field_completeness,8732,40
2026-07-11,SITE-01,DQ-02,identifier_conformance,12031,29
2026-07-11,SITE-01,DQ-03,terminology_mapping,14703,36
2026-07-11,SITE-01,DQ-04,referential_integrity,10465,35
2026-07-11,SITE-02,DQ-01,required_field_completeness,9541,37
2026-07-11,SITE-02,DQ-02,identifier_conformance,5220,33
2026-07-11,SITE-02,DQ-03,terminology_mapping,11562,40
2026-07-11,SITE-02,DQ-04,referential_integrity,7644,21
2026-07-11,SITE-03,DQ-01,required_field_completeness,10530,40
2026-07-11,SITE-03,DQ-02,identifier_conformance,11363,7
2026-07-11,SITE-03,DQ-03,terminology_mapping,9319,11
2026-07-11,SITE-03,DQ-04,referential_integrity,12891,42
2026-07-11,SITE-04,DQ-01,required_field_completeness,5437,27
2026-07-11,SITE-04,DQ-02,identifier_conformance,7130,10
2026-07-11,SITE-04,DQ-03,terminology_mapping,3906,10
2026-07-11,SITE-04,DQ-04,referential_integrity,12631,21
2026-07-11,SITE-05,DQ-01,required_field_completeness,9527,2
2026-07-11,SITE-05,DQ-02,identifier_conformance,11622,44
2026-07-11,SITE-05,DQ-03,terminology_mapping,6298,4
2026-07-11,SITE-05,DQ-04,referential_integrity,12482,31
2026-07-11,SITE-06,DQ-01,required_field_completeness,4605,30
2026-07-11,SITE-06,DQ-02,identifier_conformance,7318,3
2026-07-11,SITE-06,DQ-03,terminology_mapping,11764,16
2026-07-11,SITE-06,DQ-04,referential_integrity,11137,34
2026-07-12,SITE-01,DQ-01,required_field_completeness,3786,38
2026-07-12,SITE-01,DQ-02,identifier_conformance,13389,13
2026-07-12,SITE-01,DQ-03,terminology_mapping,12104,35
2026-07-12,SITE-01,DQ-04,referential_integrity,6529,16
2026-07-12,SITE-02,DQ-01,required_field_completeness,4613,14
2026-07-12,SITE-02,DQ-02,identifier_conformance,8209,35
2026-07-12,SITE-02,DQ-03,terminology_mapping,13264,33
2026-07-12,SITE-02,DQ-04,referential_integrity,11041,28
2026-07-12,SITE-03,DQ-01,required_field_completeness,13921,42
2026-07-12,SITE-03,DQ-02,identifier_conformance,12740,39
2026-07-12,SITE-03,DQ-03,terminology_mapping,14077,32
2026-07-12,SITE-03,DQ-04,referential_integrity,10234,31
2026-07-12,SITE-04,DQ-01,required_field_completeness,12208,25
2026-07-12,SITE-04,DQ-02,identifier_conformance,6775,7
2026-07-12,SITE-04,DQ-03,terminology_mapping,14805,37
2026-07-12,SITE-04,DQ-04,referential_integrity,12147,17
2026-07-12,SITE-05,DQ-01,required_field_completeness,13095,8
2026-07-12,SITE-05,DQ-02,identifier_conformance,4636,44
2026-07-12,SITE-05,DQ-03,terminology_mapping,8210,17
2026-07-12,SITE-05,DQ-04,referential_integrity,13929,41
2026-07-12,SITE-06,DQ-01,required_field_completeness,5971,37
2026-07-12,SITE-06,DQ-02,identifier_conformance,10651,40
2026-07-12,SITE-06,DQ-03,terminology_mapping,9287,29
2026-07-12,SITE-06,DQ-04,referential_integrity,7423,13
