transfer_id,event_ts_utc,site_id,workflow,record_count,duration_seconds,status,retry_count,validation_error_count
T-00001,2026-06-01T08:00:00+00:00,SITE-01,EHR_TO_EDC,2590,114,success,0,7
T-00002,2026-06-01T13:00:00+00:00,SITE-01,EHR_TO_EDC,2190,120,success,0,10
T-00003,2026-06-01T18:00:00+00:00,SITE-01,EHR_TO_EDC,4481,286,success,0,6
T-00004,2026-06-01T08:00:00+00:00,SITE-02,EHR_TO_EDC,862,30,success,0,12
T-00005,2026-06-01T13:00:00+00:00,SITE-02,EHR_TO_EDC,3097,215,success,0,1
T-00006,2026-06-01T18:00:00+00:00,SITE-02,EHR_TO_EDC,3720,209,success,0,5
T-00007,2026-06-01T08:00:00+00:00,SITE-03,EHR_TO_EDC,2594,214,success,0,12
T-00008,2026-06-01T13:00:00+00:00,SITE-03,EHR_TO_EDC,4153,217,success,0,12
T-00009,2026-06-01T18:00:00+00:00,SITE-03,EHR_TO_EDC,2251,185,success,0,1
T-00010,2026-06-01T08:00:00+00:00,SITE-04,EHR_TO_EDC,1582,100,success,0,11
T-00011,2026-06-01T13:00:00+00:00,SITE-04,EHR_TO_EDC,1709,77,success,0,5
T-00012,2026-06-01T18:00:00+00:00,SITE-04,EHR_TO_EDC,2666,134,success,0,12
T-00013,2026-06-01T08:00:00+00:00,SITE-05,EHR_TO_EDC,1578,123,success,0,14
T-00014,2026-06-01T13:00:00+00:00,SITE-05,EHR_TO_EDC,3811,210,success,0,15
T-00015,2026-06-01T18:00:00+00:00,SITE-05,EHR_TO_EDC,2531,162,success,0,5
T-00016,2026-06-01T08:00:00+00:00,SITE-06,EHR_TO_EDC,4233,257,success,0,6
T-00017,2026-06-01T13:00:00+00:00,SITE-06,EHR_TO_EDC,2913,170,success,0,13
T-00018,2026-06-01T18:00:00+00:00,SITE-06,EHR_TO_EDC,998,30,success,0,8
T-00019,2026-06-02T08:00:00+00:00,SITE-01,EHR_TO_EDC,2186,116,success,0,0
T-00020,2026-06-02T13:00:00+00:00,SITE-01,EHR_TO_EDC,2825,139,success,0,8
T-00021,2026-06-02T18:00:00+00:00,SITE-01,EHR_TO_EDC,2797,165,success,0,6
T-00022,2026-06-02T08:00:00+00:00,SITE-02,EHR_TO_EDC,1800,73,success,0,11
T-00023,2026-06-02T13:00:00+00:00,SITE-02,EHR_TO_EDC,934,30,success,0,11
T-00024,2026-06-02T18:00:00+00:00,SITE-02,EHR_TO_EDC,1261,128,success,0,7
T-00025,2026-06-02T08:00:00+00:00,SITE-03,EHR_TO_EDC,3663,270,success,0,3
T-00026,2026-06-02T13:00:00+00:00,SITE-03,EHR_TO_EDC,783,44,success,0,12
T-00027,2026-06-02T18:00:00+00:00,SITE-03,EHR_TO_EDC,2542,111,success,0,12
T-00028,2026-06-02T08:00:00+00:00,SITE-04,EHR_TO_EDC,2032,104,success,0,1
T-00029,2026-06-02T13:00:00+00:00,SITE-04,EHR_TO_EDC,1937,117,success,0,7
T-00030,2026-06-02T18:00:00+00:00,SITE-04,EHR_TO_EDC,2700,115,success,0,6
T-00031,2026-06-02T08:00:00+00:00,SITE-05,EHR_TO_EDC,1317,98,success,0,4
T-00032,2026-06-02T13:00:00+00:00,SITE-05,EHR_TO_EDC,830,32,success,0,9
T-00033,2026-06-02T18:00:00+00:00,SITE-05,EHR_TO_EDC,2382,146,success,0,15
T-00034,2026-06-02T08:00:00+00:00,SITE-06,EHR_TO_EDC,2928,210,success,0,4
T-00035,2026-06-02T13:00:00+00:00,SITE-06,EHR_TO_EDC,2817,206,success,0,8
T-00036,2026-06-02T18:00:00+00:00,SITE-06,EHR_TO_EDC,1985,162,success,0,14
T-00037,2026-06-03T08:00:00+00:00,SITE-01,EHR_TO_EDC,3428,198,success,0,4
T-00038,2026-06-03T13:00:00+00:00,SITE-01,EHR_TO_EDC,4304,225,success,0,8
T-00039,2026-06-03T18:00:00+00:00,SITE-01,EHR_TO_EDC,2891,211,success,0,14
T-00040,2026-06-03T08:00:00+00:00,SITE-02,EHR_TO_EDC,2360,108,success,0,12
T-00041,2026-06-03T13:00:00+00:00,SITE-02,EHR_TO_EDC,2816,226,success,0,11
T-00042,2026-06-03T18:00:00+00:00,SITE-02,EHR_TO_EDC,1625,63,success,0,9
T-00043,2026-06-03T08:00:00+00:00,SITE-03,EHR_TO_EDC,2217,127,success,0,6
T-00044,2026-06-03T13:00:00+00:00,SITE-03,EHR_TO_EDC,1274,35,success,0,0
T-00045,2026-06-03T18:00:00+00:00,SITE-03,EHR_TO_EDC,3760,248,success,0,15
T-00046,2026-06-03T08:00:00+00:00,SITE-04,EHR_TO_EDC,3018,128,success,0,9
T-00047,2026-06-03T13:00:00+00:00,SITE-04,EHR_TO_EDC,3405,234,success,0,2
T-00048,2026-06-03T18:00:00+00:00,SITE-04,EHR_TO_EDC,4464,317,success,0,6
T-00049,2026-06-03T08:00:00+00:00,SITE-05,EHR_TO_EDC,2986,213,success,0,11
T-00050,2026-06-03T13:00:00+00:00,SITE-05,EHR_TO_EDC,3430,165,success,0,11
T-00051,2026-06-03T18:00:00+00:00,SITE-05,EHR_TO_EDC,1660,152,success,0,8
T-00052,2026-06-03T08:00:00+00:00,SITE-06,EHR_TO_EDC,1068,121,success,0,13
T-00053,2026-06-03T13:00:00+00:00,SITE-06,EHR_TO_EDC,1190,76,success,0,15
T-00054,2026-06-03T18:00:00+00:00,SITE-06,EHR_TO_EDC,946,74,success,0,12
T-00055,2026-06-04T08:00:00+00:00,SITE-01,EHR_TO_EDC,2044,109,success,0,15
T-00056,2026-06-04T13:00:00+00:00,SITE-01,EHR_TO_EDC,3580,193,success,0,7
T-00057,2026-06-04T18:00:00+00:00,SITE-01,EHR_TO_EDC,1349,152,success,0,12
T-00058,2026-06-04T08:00:00+00:00,SITE-02,EHR_TO_EDC,1527,104,success,0,5
T-00059,2026-06-04T13:00:00+00:00,SITE-02,EHR_TO_EDC,2136,163,success,0,7
T-00060,2026-06-04T18:00:00+00:00,SITE-02,EHR_TO_EDC,2831,128,success,0,10
T-00061,2026-06-04T08:00:00+00:00,SITE-03,EHR_TO_EDC,4417,259,success,0,4
T-00062,2026-06-04T13:00:00+00:00,SITE-03,EHR_TO_EDC,2659,181,success,0,8
T-00063,2026-06-04T18:00:00+00:00,SITE-03,EHR_TO_EDC,3572,267,success,0,9
T-00064,2026-06-04T08:00:00+00:00,SITE-04,EHR_TO_EDC,3567,275,success,0,0
T-00065,2026-06-04T13:00:00+00:00,SITE-04,EHR_TO_EDC,4396,254,success,0,3
T-00066,2026-06-04T18:00:00+00:00,SITE-04,EHR_TO_EDC,2192,197,success,0,2
T-00067,2026-06-04T08:00:00+00:00,SITE-05,EHR_TO_EDC,4437,257,success,0,8
T-00068,2026-06-04T13:00:00+00:00,SITE-05,EHR_TO_EDC,923,59,success,0,15
T-00069,2026-06-04T18:00:00+00:00,SITE-05,EHR_TO_EDC,4168,265,success,0,9
T-00070,2026-06-04T08:00:00+00:00,SITE-06,EHR_TO_EDC,2620,197,success,0,10
T-00071,2026-06-04T13:00:00+00:00,SITE-06,EHR_TO_EDC,4329,232,success,0,2
T-00072,2026-06-04T18:00:00+00:00,SITE-06,EHR_TO_EDC,796,30,success,0,11
T-00073,2026-06-05T08:00:00+00:00,SITE-01,EHR_TO_EDC,2025,186,success,0,11
T-00074,2026-06-05T13:00:00+00:00,SITE-01,EHR_TO_EDC,3017,165,success,0,8
T-00075,2026-06-05T18:00:00+00:00,SITE-01,EHR_TO_EDC,4038,269,success,0,5
T-00076,2026-06-05T08:00:00+00:00,SITE-02,EHR_TO_EDC,3330,205,success,0,12
T-00077,2026-06-05T13:00:00+00:00,SITE-02,EHR_TO_EDC,3220,181,success,0,11
T-00078,2026-06-05T18:00:00+00:00,SITE-02,EHR_TO_EDC,827,78,success,0,6
T-00079,2026-06-05T08:00:00+00:00,SITE-03,EHR_TO_EDC,3859,183,success,0,1
T-00080,2026-06-05T13:00:00+00:00,SITE-03,EHR_TO_EDC,3242,209,success,0,13
T-00081,2026-06-05T18:00:00+00:00,SITE-03,EHR_TO_EDC,3210,191,success,0,2
T-00082,2026-06-05T08:00:00+00:00,SITE-04,EHR_TO_EDC,1831,69,success,0,14
T-00083,2026-06-05T13:00:00+00:00,SITE-04,EHR_TO_EDC,4303,256,success,0,12
T-00084,2026-06-05T18:00:00+00:00,SITE-04,EHR_TO_EDC,4425,254,success,0,1
T-00085,2026-06-05T08:00:00+00:00,SITE-05,EHR_TO_EDC,3992,198,success,0,8
T-00086,2026-06-05T13:00:00+00:00,SITE-05,EHR_TO_EDC,1964,132,success,0,11
T-00087,2026-06-05T18:00:00+00:00,SITE-05,EHR_TO_EDC,2637,108,success,0,4
T-00088,2026-06-05T08:00:00+00:00,SITE-06,EHR_TO_EDC,3179,160,success,0,8
T-00089,2026-06-05T13:00:00+00:00,SITE-06,EHR_TO_EDC,1635,83,success,0,7
T-00090,2026-06-05T18:00:00+00:00,SITE-06,EHR_TO_EDC,1660,118,success,0,0
T-00091,2026-06-06T08:00:00+00:00,SITE-01,EHR_TO_EDC,4494,278,success,0,12
T-00092,2026-06-06T13:00:00+00:00,SITE-01,EHR_TO_EDC,714,30,success,0,15
T-00093,2026-06-06T18:00:00+00:00,SITE-01,EHR_TO_EDC,4177,275,success,0,2
T-00094,2026-06-06T08:00:00+00:00,SITE-02,EHR_TO_EDC,3257,245,success,0,10
T-00095,2026-06-06T13:00:00+00:00,SITE-02,EHR_TO_EDC,1781,102,success,0,3
T-00096,2026-06-06T18:00:00+00:00,SITE-02,EHR_TO_EDC,4330,202,success,0,10
T-00097,2026-06-06T08:00:00+00:00,SITE-03,EHR_TO_EDC,3999,273,success,0,6
T-00098,2026-06-06T13:00:00+00:00,SITE-03,EHR_TO_EDC,3548,207,success,0,5
T-00099,2026-06-06T18:00:00+00:00,SITE-03,EHR_TO_EDC,1487,147,success,0,5
T-00100,2026-06-06T08:00:00+00:00,SITE-04,EHR_TO_EDC,1353,77,success,0,15
T-00101,2026-06-06T13:00:00+00:00,SITE-04,EHR_TO_EDC,3997,254,success,0,9
T-00102,2026-06-06T18:00:00+00:00,SITE-04,EHR_TO_EDC,2213,135,success,0,9
T-00103,2026-06-06T08:00:00+00:00,SITE-05,EHR_TO_EDC,2202,177,success,0,15
T-00104,2026-06-06T13:00:00+00:00,SITE-05,EHR_TO_EDC,1670,134,success,0,7
T-00105,2026-06-06T18:00:00+00:00,SITE-05,EHR_TO_EDC,2183,122,success,0,5
T-00106,2026-06-06T08:00:00+00:00,SITE-06,EHR_TO_EDC,4457,272,success,0,4
T-00107,2026-06-06T13:00:00+00:00,SITE-06,EHR_TO_EDC,4294,206,success,0,2
T-00108,2026-06-06T18:00:00+00:00,SITE-06,EHR_TO_EDC,4049,197,success,0,9
T-00109,2026-06-07T08:00:00+00:00,SITE-01,EHR_TO_EDC,1161,132,success,0,14
T-00110,2026-06-07T13:00:00+00:00,SITE-01,EHR_TO_EDC,2798,213,success,0,15
T-00111,2026-06-07T18:00:00+00:00,SITE-01,EHR_TO_EDC,865,30,success,0,13
T-00112,2026-06-07T08:00:00+00:00,SITE-02,EHR_TO_EDC,4262,257,success,0,1
T-00113,2026-06-07T13:00:00+00:00,SITE-02,EHR_TO_EDC,2111,109,success,0,12
T-00114,2026-06-07T18:00:00+00:00,SITE-02,EHR_TO_EDC,2778,208,success,0,12
T-00115,2026-06-07T08:00:00+00:00,SITE-03,EHR_TO_EDC,1736,147,success,0,8
T-00116,2026-06-07T13:00:00+00:00,SITE-03,EHR_TO_EDC,2206,173,success,0,10
T-00117,2026-06-07T18:00:00+00:00,SITE-03,EHR_TO_EDC,1451,82,success,0,6
T-00118,2026-06-07T08:00:00+00:00,SITE-04,EHR_TO_EDC,4151,262,success,0,4
T-00119,2026-06-07T13:00:00+00:00,SITE-04,EHR_TO_EDC,3024,181,success,0,4
T-00120,2026-06-07T18:00:00+00:00,SITE-04,EHR_TO_EDC,3251,234,success,0,8
T-00121,2026-06-07T08:00:00+00:00,SITE-05,EHR_TO_EDC,3981,201,success,0,4
T-00122,2026-06-07T13:00:00+00:00,SITE-05,EHR_TO_EDC,1522,92,success,0,9
T-00123,2026-06-07T18:00:00+00:00,SITE-05,EHR_TO_EDC,1646,134,success,0,5
T-00124,2026-06-07T08:00:00+00:00,SITE-06,EHR_TO_EDC,756,62,success,0,4
T-00125,2026-06-07T13:00:00+00:00,SITE-06,EHR_TO_EDC,1797,147,success,0,8
T-00126,2026-06-07T18:00:00+00:00,SITE-06,EHR_TO_EDC,2417,126,success,0,12
T-00127,2026-06-08T08:00:00+00:00,SITE-01,EHR_TO_EDC,2283,205,success,0,4
T-00128,2026-06-08T13:00:00+00:00,SITE-01,EHR_TO_EDC,899,30,success,0,3
T-00129,2026-06-08T18:00:00+00:00,SITE-01,EHR_TO_EDC,4266,202,success,0,6
T-00130,2026-06-08T08:00:00+00:00,SITE-02,EHR_TO_EDC,1871,108,success,0,3
T-00131,2026-06-08T13:00:00+00:00,SITE-02,EHR_TO_EDC,2357,132,success,0,0
T-00132,2026-06-08T18:00:00+00:00,SITE-02,EHR_TO_EDC,4111,257,success,0,15
T-00133,2026-06-08T08:00:00+00:00,SITE-03,EHR_TO_EDC,1401,84,success,0,2
T-00134,2026-06-08T13:00:00+00:00,SITE-03,EHR_TO_EDC,1966,125,success,0,9
T-00135,2026-06-08T18:00:00+00:00,SITE-03,EHR_TO_EDC,1616,99,success,0,13
T-00136,2026-06-08T08:00:00+00:00,SITE-04,EHR_TO_EDC,3834,191,success,0,12
T-00137,2026-06-08T13:00:00+00:00,SITE-04,EHR_TO_EDC,3464,240,success,0,6
T-00138,2026-06-08T18:00:00+00:00,SITE-04,EHR_TO_EDC,2936,159,success,0,4
T-00139,2026-06-08T08:00:00+00:00,SITE-05,EHR_TO_EDC,2511,121,success,0,3
T-00140,2026-06-08T13:00:00+00:00,SITE-05,EHR_TO_EDC,2978,244,success,0,8
T-00141,2026-06-08T18:00:00+00:00,SITE-05,EHR_TO_EDC,4306,261,success,0,13
T-00142,2026-06-08T08:00:00+00:00,SITE-06,EHR_TO_EDC,1193,45,success,0,10
T-00143,2026-06-08T13:00:00+00:00,SITE-06,EHR_TO_EDC,4322,202,success,0,8
T-00144,2026-06-08T18:00:00+00:00,SITE-06,EHR_TO_EDC,3018,199,success,0,4
T-00145,2026-06-09T08:00:00+00:00,SITE-01,EHR_TO_EDC,1821,141,success,0,12
T-00146,2026-06-09T13:00:00+00:00,SITE-01,EHR_TO_EDC,1822,102,success,0,7
T-00147,2026-06-09T18:00:00+00:00,SITE-01,EHR_TO_EDC,1031,78,success,0,6
T-00148,2026-06-09T08:00:00+00:00,SITE-02,EHR_TO_EDC,2198,152,success,0,8
T-00149,2026-06-09T13:00:00+00:00,SITE-02,EHR_TO_EDC,2989,132,success,0,4
T-00150,2026-06-09T18:00:00+00:00,SITE-02,EHR_TO_EDC,963,30,success,0,9
T-00151,2026-06-09T08:00:00+00:00,SITE-03,EHR_TO_EDC,3445,161,success,0,0
T-00152,2026-06-09T13:00:00+00:00,SITE-03,EHR_TO_EDC,1447,83,success,0,15
T-00153,2026-06-09T18:00:00+00:00,SITE-03,EHR_TO_EDC,1272,130,success,0,6
T-00154,2026-06-09T08:00:00+00:00,SITE-04,EHR_TO_EDC,4252,248,success,0,15
T-00155,2026-06-09T13:00:00+00:00,SITE-04,EHR_TO_EDC,831,59,success,0,11
T-00156,2026-06-09T18:00:00+00:00,SITE-04,EHR_TO_EDC,4005,253,success,0,12
T-00157,2026-06-09T08:00:00+00:00,SITE-05,EHR_TO_EDC,2982,132,success,0,6
T-00158,2026-06-09T13:00:00+00:00,SITE-05,EHR_TO_EDC,2955,202,success,0,8
T-00159,2026-06-09T18:00:00+00:00,SITE-05,EHR_TO_EDC,1835,85,success,0,9
T-00160,2026-06-09T08:00:00+00:00,SITE-06,EHR_TO_EDC,4241,226,success,0,14
T-00161,2026-06-09T13:00:00+00:00,SITE-06,EHR_TO_EDC,3039,234,success,0,1
T-00162,2026-06-09T18:00:00+00:00,SITE-06,EHR_TO_EDC,1420,147,success,0,0
T-00163,2026-06-10T08:00:00+00:00,SITE-01,EHR_TO_EDC,1391,105,success,0,3
T-00164,2026-06-10T13:00:00+00:00,SITE-01,EHR_TO_EDC,3464,161,success,0,8
T-00165,2026-06-10T18:00:00+00:00,SITE-01,EHR_TO_EDC,2170,83,success,0,9
T-00166,2026-06-10T08:00:00+00:00,SITE-02,EHR_TO_EDC,957,78,success,0,14
T-00167,2026-06-10T13:00:00+00:00,SITE-02,EHR_TO_EDC,742,114,success,0,6
T-00168,2026-06-10T18:00:00+00:00,SITE-02,EHR_TO_EDC,960,59,success,0,0
T-00169,2026-06-10T08:00:00+00:00,SITE-03,EHR_TO_EDC,3841,240,success,0,8
T-00170,2026-06-10T13:00:00+00:00,SITE-03,EHR_TO_EDC,4018,214,success,0,15
T-00171,2026-06-10T18:00:00+00:00,SITE-03,EHR_TO_EDC,2335,128,success,0,3
T-00172,2026-06-10T08:00:00+00:00,SITE-04,EHR_TO_EDC,2674,159,success,0,13
T-00173,2026-06-10T13:00:00+00:00,SITE-04,EHR_TO_EDC,1726,170,success,0,0
T-00174,2026-06-10T18:00:00+00:00,SITE-04,EHR_TO_EDC,738,74,success,0,4
T-00175,2026-06-10T08:00:00+00:00,SITE-05,EHR_TO_EDC,1630,91,success,0,12
T-00176,2026-06-10T13:00:00+00:00,SITE-05,EHR_TO_EDC,3666,210,success,0,8
T-00177,2026-06-10T18:00:00+00:00,SITE-05,EHR_TO_EDC,4020,229,success,0,14
T-00178,2026-06-10T08:00:00+00:00,SITE-06,EHR_TO_EDC,2150,118,success,0,8
T-00179,2026-06-10T13:00:00+00:00,SITE-06,EHR_TO_EDC,973,129,success,0,10
T-00180,2026-06-10T18:00:00+00:00,SITE-06,EHR_TO_EDC,3133,146,success,0,8
T-00181,2026-06-11T08:00:00+00:00,SITE-01,EHR_TO_EDC,2071,102,success,0,5
T-00182,2026-06-11T13:00:00+00:00,SITE-01,EHR_TO_EDC,1565,52,success,0,4
T-00183,2026-06-11T18:00:00+00:00,SITE-01,EHR_TO_EDC,2937,161,success,0,6
T-00184,2026-06-11T08:00:00+00:00,SITE-02,EHR_TO_EDC,1426,83,success,0,3
T-00185,2026-06-11T13:00:00+00:00,SITE-02,EHR_TO_EDC,1337,52,success,0,11
T-00186,2026-06-11T18:00:00+00:00,SITE-02,EHR_TO_EDC,2134,101,success,0,13
T-00187,2026-06-11T08:00:00+00:00,SITE-03,EHR_TO_EDC,790,30,success,0,12
T-00188,2026-06-11T13:00:00+00:00,SITE-03,EHR_TO_EDC,2758,119,success,0,12
T-00189,2026-06-11T18:00:00+00:00,SITE-03,EHR_TO_EDC,1088,61,success,0,6
T-00190,2026-06-11T08:00:00+00:00,SITE-04,EHR_TO_EDC,785,115,success,0,5
T-00191,2026-06-11T13:00:00+00:00,SITE-04,EHR_TO_EDC,2014,79,success,0,3
T-00192,2026-06-11T18:00:00+00:00,SITE-04,EHR_TO_EDC,3070,171,success,0,13
T-00193,2026-06-11T08:00:00+00:00,SITE-05,EHR_TO_EDC,2638,226,success,0,7
T-00194,2026-06-11T13:00:00+00:00,SITE-05,EHR_TO_EDC,2745,164,success,0,5
T-00195,2026-06-11T18:00:00+00:00,SITE-05,EHR_TO_EDC,4028,217,success,0,2
T-00196,2026-06-11T08:00:00+00:00,SITE-06,EHR_TO_EDC,3473,201,success,0,10
T-00197,2026-06-11T13:00:00+00:00,SITE-06,EHR_TO_EDC,4310,222,success,0,11
T-00198,2026-06-11T18:00:00+00:00,SITE-06,EHR_TO_EDC,2850,119,success,0,4
T-00199,2026-06-12T08:00:00+00:00,SITE-01,EHR_TO_EDC,3690,246,success,0,12
T-00200,2026-06-12T13:00:00+00:00,SITE-01,EHR_TO_EDC,4431,288,success,0,1
T-00201,2026-06-12T18:00:00+00:00,SITE-01,EHR_TO_EDC,1569,125,success,0,11
T-00202,2026-06-12T08:00:00+00:00,SITE-02,EHR_TO_EDC,4335,256,success,0,13
T-00203,2026-06-12T13:00:00+00:00,SITE-02,EHR_TO_EDC,2767,185,success,0,3
T-00204,2026-06-12T18:00:00+00:00,SITE-02,EHR_TO_EDC,1197,133,success,0,14
T-00205,2026-06-12T08:00:00+00:00,SITE-03,EHR_TO_EDC,2486,183,success,0,14
T-00206,2026-06-12T13:00:00+00:00,SITE-03,EHR_TO_EDC,2417,201,success,0,12
T-00207,2026-06-12T18:00:00+00:00,SITE-03,EHR_TO_EDC,2754,142,success,0,12
T-00208,2026-06-12T08:00:00+00:00,SITE-04,EHR_TO_EDC,3160,204,success,0,1
T-00209,2026-06-12T13:00:00+00:00,SITE-04,EHR_TO_EDC,2810,233,success,0,1
T-00210,2026-06-12T18:00:00+00:00,SITE-04,EHR_TO_EDC,2863,199,success,0,14
T-00211,2026-06-12T08:00:00+00:00,SITE-05,EHR_TO_EDC,2530,136,success,0,1
T-00212,2026-06-12T13:00:00+00:00,SITE-05,EHR_TO_EDC,3135,140,success,0,10
T-00213,2026-06-12T18:00:00+00:00,SITE-05,EHR_TO_EDC,1322,101,success,0,14
T-00214,2026-06-12T08:00:00+00:00,SITE-06,EHR_TO_EDC,2044,105,success,0,10
T-00215,2026-06-12T13:00:00+00:00,SITE-06,EHR_TO_EDC,1471,135,success,0,15
T-00216,2026-06-12T18:00:00+00:00,SITE-06,EHR_TO_EDC,2959,175,success,0,1
T-00217,2026-06-13T08:00:00+00:00,SITE-01,EHR_TO_EDC,4253,212,success,0,15
T-00218,2026-06-13T13:00:00+00:00,SITE-01,EHR_TO_EDC,1154,53,success,0,5
T-00219,2026-06-13T18:00:00+00:00,SITE-01,EHR_TO_EDC,4141,308,success,0,4
T-00220,2026-06-13T08:00:00+00:00,SITE-02,EHR_TO_EDC,4096,201,success,0,3
T-00221,2026-06-13T13:00:00+00:00,SITE-02,EHR_TO_EDC,2795,147,success,0,8
T-00222,2026-06-13T18:00:00+00:00,SITE-02,EHR_TO_EDC,965,36,success,0,1
T-00223,2026-06-13T08:00:00+00:00,SITE-03,EHR_TO_EDC,3614,203,success,0,8
T-00224,2026-06-13T13:00:00+00:00,SITE-03,EHR_TO_EDC,2820,219,success,0,11
T-00225,2026-06-13T18:00:00+00:00,SITE-03,EHR_TO_EDC,2559,128,success,0,0
T-00226,2026-06-13T08:00:00+00:00,SITE-04,EHR_TO_EDC,4245,249,success,0,6
T-00227,2026-06-13T13:00:00+00:00,SITE-04,EHR_TO_EDC,2703,145,success,0,7
T-00228,2026-06-13T18:00:00+00:00,SITE-04,EHR_TO_EDC,1001,30,success,0,14
T-00229,2026-06-13T08:00:00+00:00,SITE-05,EHR_TO_EDC,3924,274,success,0,15
T-00230,2026-06-13T13:00:00+00:00,SITE-05,EHR_TO_EDC,4291,228,success,0,2
T-00231,2026-06-13T18:00:00+00:00,SITE-05,EHR_TO_EDC,3976,243,success,0,1
T-00232,2026-06-13T08:00:00+00:00,SITE-06,EHR_TO_EDC,3857,285,success,0,2
T-00233,2026-06-13T13:00:00+00:00,SITE-06,EHR_TO_EDC,3963,300,success,0,4
T-00234,2026-06-13T18:00:00+00:00,SITE-06,EHR_TO_EDC,4024,229,success,0,5
T-00235,2026-06-14T08:00:00+00:00,SITE-01,EHR_TO_EDC,1110,63,success,0,1
T-00236,2026-06-14T13:00:00+00:00,SITE-01,EHR_TO_EDC,2116,187,success,0,7
T-00237,2026-06-14T18:00:00+00:00,SITE-01,EHR_TO_EDC,4115,224,success,0,3
T-00238,2026-06-14T08:00:00+00:00,SITE-02,EHR_TO_EDC,2404,116,success,0,12
T-00239,2026-06-14T13:00:00+00:00,SITE-02,EHR_TO_EDC,827,113,success,0,14
T-00240,2026-06-14T18:00:00+00:00,SITE-02,EHR_TO_EDC,4393,266,success,0,2
T-00241,2026-06-14T08:00:00+00:00,SITE-03,EHR_TO_EDC,1061,101,success,0,6
T-00242,2026-06-14T13:00:00+00:00,SITE-03,EHR_TO_EDC,2880,200,success,0,10
T-00243,2026-06-14T18:00:00+00:00,SITE-03,EHR_TO_EDC,4290,291,success,0,6
T-00244,2026-06-14T08:00:00+00:00,SITE-04,EHR_TO_EDC,2993,211,success,0,13
T-00245,2026-06-14T13:00:00+00:00,SITE-04,EHR_TO_EDC,2249,85,success,0,10
T-00246,2026-06-14T18:00:00+00:00,SITE-04,EHR_TO_EDC,3566,198,success,0,8
T-00247,2026-06-14T08:00:00+00:00,SITE-05,EHR_TO_EDC,3396,225,success,0,6
T-00248,2026-06-14T13:00:00+00:00,SITE-05,EHR_TO_EDC,3546,183,success,0,5
T-00249,2026-06-14T18:00:00+00:00,SITE-05,EHR_TO_EDC,3839,189,success,0,5
T-00250,2026-06-14T08:00:00+00:00,SITE-06,EHR_TO_EDC,3541,230,success,0,14
T-00251,2026-06-14T13:00:00+00:00,SITE-06,EHR_TO_EDC,869,30,success,0,8
T-00252,2026-06-14T18:00:00+00:00,SITE-06,EHR_TO_EDC,1175,58,success,0,11
T-00253,2026-06-15T08:00:00+00:00,SITE-01,EHR_TO_EDC,3198,216,success,0,11
T-00254,2026-06-15T13:00:00+00:00,SITE-01,EHR_TO_EDC,1958,93,success,0,0
T-00255,2026-06-15T18:00:00+00:00,SITE-01,EHR_TO_EDC,982,102,success,0,6
T-00256,2026-06-15T08:00:00+00:00,SITE-02,EHR_TO_EDC,3715,257,success,0,11
T-00257,2026-06-15T13:00:00+00:00,SITE-02,EHR_TO_EDC,4265,235,success,0,13
T-00258,2026-06-15T18:00:00+00:00,SITE-02,EHR_TO_EDC,1519,62,success,0,2
T-00259,2026-06-15T08:00:00+00:00,SITE-03,EHR_TO_EDC,3285,176,success,0,13
T-00260,2026-06-15T13:00:00+00:00,SITE-03,EHR_TO_EDC,2234,188,success,0,13
T-00261,2026-06-15T18:00:00+00:00,SITE-03,EHR_TO_EDC,1843,120,success,0,4
T-00262,2026-06-15T08:00:00+00:00,SITE-04,EHR_TO_EDC,2774,129,success,0,3
T-00263,2026-06-15T13:00:00+00:00,SITE-04,EHR_TO_EDC,2118,142,success,0,13
T-00264,2026-06-15T18:00:00+00:00,SITE-04,EHR_TO_EDC,1662,115,success,0,3
T-00265,2026-06-15T08:00:00+00:00,SITE-05,EHR_TO_EDC,1866,78,success,0,9
T-00266,2026-06-15T13:00:00+00:00,SITE-05,EHR_TO_EDC,4199,203,success,0,14
T-00267,2026-06-15T18:00:00+00:00,SITE-05,EHR_TO_EDC,1624,169,success,0,15
T-00268,2026-06-15T08:00:00+00:00,SITE-06,EHR_TO_EDC,2287,112,success,0,13
T-00269,2026-06-15T13:00:00+00:00,SITE-06,EHR_TO_EDC,3162,163,success,0,14
T-00270,2026-06-15T18:00:00+00:00,SITE-06,EHR_TO_EDC,3320,152,success,0,11
T-00271,2026-06-16T08:00:00+00:00,SITE-01,EHR_TO_EDC,2416,136,success,0,9
T-00272,2026-06-16T13:00:00+00:00,SITE-01,EHR_TO_EDC,3093,187,success,0,8
T-00273,2026-06-16T18:00:00+00:00,SITE-01,EHR_TO_EDC,1899,149,success,0,0
T-00274,2026-06-16T08:00:00+00:00,SITE-02,EHR_TO_EDC,3452,229,success,0,7
T-00275,2026-06-16T13:00:00+00:00,SITE-02,EHR_TO_EDC,761,54,success,0,11
T-00276,2026-06-16T18:00:00+00:00,SITE-02,EHR_TO_EDC,1241,103,success,0,8
T-00277,2026-06-16T08:00:00+00:00,SITE-03,EHR_TO_EDC,2289,140,success,0,8
T-00278,2026-06-16T13:00:00+00:00,SITE-03,EHR_TO_EDC,2099,89,success,0,3
T-00279,2026-06-16T18:00:00+00:00,SITE-03,EHR_TO_EDC,2936,207,success,0,3
T-00280,2026-06-16T08:00:00+00:00,SITE-04,EHR_TO_EDC,2556,216,success,0,6
T-00281,2026-06-16T13:00:00+00:00,SITE-04,EHR_TO_EDC,1062,120,success,0,11
T-00282,2026-06-16T18:00:00+00:00,SITE-04,EHR_TO_EDC,766,49,success,0,0
T-00283,2026-06-16T08:00:00+00:00,SITE-05,EHR_TO_EDC,3661,238,success,0,11
T-00284,2026-06-16T13:00:00+00:00,SITE-05,EHR_TO_EDC,4377,307,success,0,0
T-00285,2026-06-16T18:00:00+00:00,SITE-05,EHR_TO_EDC,3436,231,success,0,4
T-00286,2026-06-16T08:00:00+00:00,SITE-06,EHR_TO_EDC,2621,114,success,0,11
T-00287,2026-06-16T13:00:00+00:00,SITE-06,EHR_TO_EDC,1398,96,success,0,10
T-00288,2026-06-16T18:00:00+00:00,SITE-06,EHR_TO_EDC,2664,193,success,0,1
T-00289,2026-06-17T08:00:00+00:00,SITE-01,EHR_TO_EDC,1610,51,success,0,12
T-00290,2026-06-17T13:00:00+00:00,SITE-01,EHR_TO_EDC,2475,203,success,0,7
T-00291,2026-06-17T18:00:00+00:00,SITE-01,EHR_TO_EDC,3362,215,success,0,3
T-00292,2026-06-17T08:00:00+00:00,SITE-02,EHR_TO_EDC,935,30,success,0,14
T-00293,2026-06-17T13:00:00+00:00,SITE-02,EHR_TO_EDC,3387,899,failed,3,6
T-00294,2026-06-17T18:00:00+00:00,SITE-02,EHR_TO_EDC,2821,190,success,0,6
T-00295,2026-06-17T08:00:00+00:00,SITE-03,EHR_TO_EDC,2737,159,success,0,4
T-00296,2026-06-17T13:00:00+00:00,SITE-03,EHR_TO_EDC,2811,166,success,0,3
T-00297,2026-06-17T18:00:00+00:00,SITE-03,EHR_TO_EDC,3738,268,success,0,2
T-00298,2026-06-17T08:00:00+00:00,SITE-04,EHR_TO_EDC,714,30,success,0,8
T-00299,2026-06-17T13:00:00+00:00,SITE-04,EHR_TO_EDC,3417,252,success,0,15
T-00300,2026-06-17T18:00:00+00:00,SITE-04,EHR_TO_EDC,3878,288,success,0,3
T-00301,2026-06-17T08:00:00+00:00,SITE-05,EHR_TO_EDC,2474,156,success,0,4
T-00302,2026-06-17T13:00:00+00:00,SITE-05,EHR_TO_EDC,764,49,success,0,11
T-00303,2026-06-17T18:00:00+00:00,SITE-05,EHR_TO_EDC,4109,302,success,0,0
T-00304,2026-06-17T08:00:00+00:00,SITE-06,EHR_TO_EDC,1146,67,success,0,13
T-00305,2026-06-17T13:00:00+00:00,SITE-06,EHR_TO_EDC,2894,191,success,0,3
T-00306,2026-06-17T18:00:00+00:00,SITE-06,EHR_TO_EDC,3879,276,success,0,3
T-00307,2026-06-18T08:00:00+00:00,SITE-01,EHR_TO_EDC,1935,131,success,0,3
T-00308,2026-06-18T13:00:00+00:00,SITE-01,EHR_TO_EDC,977,86,success,0,7
T-00309,2026-06-18T18:00:00+00:00,SITE-01,EHR_TO_EDC,1231,112,success,0,2
T-00310,2026-06-18T08:00:00+00:00,SITE-02,EHR_TO_EDC,2787,179,success,0,9
T-00311,2026-06-18T13:00:00+00:00,SITE-02,EHR_TO_EDC,1904,810,failed,3,7
T-00312,2026-06-18T18:00:00+00:00,SITE-02,EHR_TO_EDC,1710,130,success,0,13
T-00313,2026-06-18T08:00:00+00:00,SITE-03,EHR_TO_EDC,2610,111,success,0,6
T-00314,2026-06-18T13:00:00+00:00,SITE-03,EHR_TO_EDC,3112,189,success,0,5
T-00315,2026-06-18T18:00:00+00:00,SITE-03,EHR_TO_EDC,2986,138,success,0,14
T-00316,2026-06-18T08:00:00+00:00,SITE-04,EHR_TO_EDC,1263,138,success,0,3
T-00317,2026-06-18T13:00:00+00:00,SITE-04,EHR_TO_EDC,4016,291,success,0,4
T-00318,2026-06-18T18:00:00+00:00,SITE-04,EHR_TO_EDC,1289,103,success,0,5
T-00319,2026-06-18T08:00:00+00:00,SITE-05,EHR_TO_EDC,2364,170,success,0,3
T-00320,2026-06-18T13:00:00+00:00,SITE-05,EHR_TO_EDC,2393,197,success,0,0
T-00321,2026-06-18T18:00:00+00:00,SITE-05,EHR_TO_EDC,1637,69,success,0,3
T-00322,2026-06-18T08:00:00+00:00,SITE-06,EHR_TO_EDC,3708,260,success,0,12
T-00323,2026-06-18T13:00:00+00:00,SITE-06,EHR_TO_EDC,1341,71,success,0,0
T-00324,2026-06-18T18:00:00+00:00,SITE-06,EHR_TO_EDC,2358,105,success,0,15
T-00325,2026-06-19T08:00:00+00:00,SITE-01,EHR_TO_EDC,1931,183,success,0,1
T-00326,2026-06-19T13:00:00+00:00,SITE-01,EHR_TO_EDC,2296,140,success,0,9
T-00327,2026-06-19T18:00:00+00:00,SITE-01,EHR_TO_EDC,1020,43,success,0,8
T-00328,2026-06-19T08:00:00+00:00,SITE-02,EHR_TO_EDC,2898,135,success,0,13
T-00329,2026-06-19T13:00:00+00:00,SITE-02,EHR_TO_EDC,2046,887,failed,3,15
T-00330,2026-06-19T18:00:00+00:00,SITE-02,EHR_TO_EDC,1534,128,success,0,4
T-00331,2026-06-19T08:00:00+00:00,SITE-03,EHR_TO_EDC,3026,192,success,0,3
T-00332,2026-06-19T13:00:00+00:00,SITE-03,EHR_TO_EDC,2315,168,success,0,9
T-00333,2026-06-19T18:00:00+00:00,SITE-03,EHR_TO_EDC,1795,153,success,0,8
T-00334,2026-06-19T08:00:00+00:00,SITE-04,EHR_TO_EDC,1601,95,success,0,2
T-00335,2026-06-19T13:00:00+00:00,SITE-04,EHR_TO_EDC,2458,197,success,0,15
T-00336,2026-06-19T18:00:00+00:00,SITE-04,EHR_TO_EDC,2275,131,success,0,13
T-00337,2026-06-19T08:00:00+00:00,SITE-05,EHR_TO_EDC,2067,131,success,0,3
T-00338,2026-06-19T13:00:00+00:00,SITE-05,EHR_TO_EDC,903,49,success,0,1
T-00339,2026-06-19T18:00:00+00:00,SITE-05,EHR_TO_EDC,1368,103,success,0,12
T-00340,2026-06-19T08:00:00+00:00,SITE-06,EHR_TO_EDC,2942,164,success,0,12
T-00341,2026-06-19T13:00:00+00:00,SITE-06,EHR_TO_EDC,4053,213,success,0,3
T-00342,2026-06-19T18:00:00+00:00,SITE-06,EHR_TO_EDC,3620,208,success,0,1
T-00343,2026-06-20T08:00:00+00:00,SITE-01,EHR_TO_EDC,1987,116,success,0,15
T-00344,2026-06-20T13:00:00+00:00,SITE-01,EHR_TO_EDC,1643,117,success,0,15
T-00345,2026-06-20T18:00:00+00:00,SITE-01,EHR_TO_EDC,3702,166,success,0,11
T-00346,2026-06-20T08:00:00+00:00,SITE-02,EHR_TO_EDC,2365,166,success,0,3
T-00347,2026-06-20T13:00:00+00:00,SITE-02,EHR_TO_EDC,728,788,failed,3,11
T-00348,2026-06-20T18:00:00+00:00,SITE-02,EHR_TO_EDC,1708,100,success,0,11
T-00349,2026-06-20T08:00:00+00:00,SITE-03,EHR_TO_EDC,4140,228,success,0,6
T-00350,2026-06-20T13:00:00+00:00,SITE-03,EHR_TO_EDC,3195,234,success,0,1
T-00351,2026-06-20T18:00:00+00:00,SITE-03,EHR_TO_EDC,1990,93,success,0,15
T-00352,2026-06-20T08:00:00+00:00,SITE-04,EHR_TO_EDC,1182,91,success,0,11
T-00353,2026-06-20T13:00:00+00:00,SITE-04,EHR_TO_EDC,917,119,success,0,2
T-00354,2026-06-20T18:00:00+00:00,SITE-04,EHR_TO_EDC,1573,79,success,0,8
T-00355,2026-06-20T08:00:00+00:00,SITE-05,EHR_TO_EDC,4008,283,success,0,13
T-00356,2026-06-20T13:00:00+00:00,SITE-05,EHR_TO_EDC,3350,256,success,0,11
T-00357,2026-06-20T18:00:00+00:00,SITE-05,EHR_TO_EDC,2347,101,success,0,9
T-00358,2026-06-20T08:00:00+00:00,SITE-06,EHR_TO_EDC,3043,216,success,0,3
T-00359,2026-06-20T13:00:00+00:00,SITE-06,EHR_TO_EDC,1050,68,success,0,7
T-00360,2026-06-20T18:00:00+00:00,SITE-06,EHR_TO_EDC,4105,220,success,0,10
T-00361,2026-06-21T08:00:00+00:00,SITE-01,EHR_TO_EDC,833,46,success,0,4
T-00362,2026-06-21T13:00:00+00:00,SITE-01,EHR_TO_EDC,4056,204,success,0,9
T-00363,2026-06-21T18:00:00+00:00,SITE-01,EHR_TO_EDC,3330,181,success,0,1
T-00364,2026-06-21T08:00:00+00:00,SITE-02,EHR_TO_EDC,3827,234,success,0,1
T-00365,2026-06-21T13:00:00+00:00,SITE-02,EHR_TO_EDC,2318,167,success,0,2
T-00366,2026-06-21T18:00:00+00:00,SITE-02,EHR_TO_EDC,2961,141,success,0,10
T-00367,2026-06-21T08:00:00+00:00,SITE-03,EHR_TO_EDC,3316,235,success,0,0
T-00368,2026-06-21T13:00:00+00:00,SITE-03,EHR_TO_EDC,3227,258,success,0,6
T-00369,2026-06-21T18:00:00+00:00,SITE-03,EHR_TO_EDC,3074,199,success,0,0
T-00370,2026-06-21T08:00:00+00:00,SITE-04,EHR_TO_EDC,4074,280,success,0,15
T-00371,2026-06-21T13:00:00+00:00,SITE-04,EHR_TO_EDC,2413,136,success,0,2
T-00372,2026-06-21T18:00:00+00:00,SITE-04,EHR_TO_EDC,1406,138,success,0,2
T-00373,2026-06-21T08:00:00+00:00,SITE-05,EHR_TO_EDC,2504,186,success,0,4
T-00374,2026-06-21T13:00:00+00:00,SITE-05,EHR_TO_EDC,2247,180,success,0,14
T-00375,2026-06-21T18:00:00+00:00,SITE-05,EHR_TO_EDC,3473,207,success,0,3
T-00376,2026-06-21T08:00:00+00:00,SITE-06,EHR_TO_EDC,2522,140,success,0,2
T-00377,2026-06-21T13:00:00+00:00,SITE-06,EHR_TO_EDC,4121,202,success,0,11
T-00378,2026-06-21T18:00:00+00:00,SITE-06,EHR_TO_EDC,3428,256,success,0,3
T-00379,2026-06-22T08:00:00+00:00,SITE-01,EHR_TO_EDC,3579,173,success,0,12
T-00380,2026-06-22T13:00:00+00:00,SITE-01,EHR_TO_EDC,1969,157,success,0,3
T-00381,2026-06-22T18:00:00+00:00,SITE-01,EHR_TO_EDC,4477,319,success,0,6
T-00382,2026-06-22T08:00:00+00:00,SITE-02,EHR_TO_EDC,1097,73,success,0,10
T-00383,2026-06-22T13:00:00+00:00,SITE-02,EHR_TO_EDC,2896,137,success,0,3
T-00384,2026-06-22T18:00:00+00:00,SITE-02,EHR_TO_EDC,1335,145,success,0,8
T-00385,2026-06-22T08:00:00+00:00,SITE-03,EHR_TO_EDC,2634,158,success,0,1
T-00386,2026-06-22T13:00:00+00:00,SITE-03,EHR_TO_EDC,4372,257,success,0,12
T-00387,2026-06-22T18:00:00+00:00,SITE-03,EHR_TO_EDC,1520,130,success,0,15
T-00388,2026-06-22T08:00:00+00:00,SITE-04,EHR_TO_EDC,2721,166,success,0,12
T-00389,2026-06-22T13:00:00+00:00,SITE-04,EHR_TO_EDC,2795,214,success,0,15
T-00390,2026-06-22T18:00:00+00:00,SITE-04,EHR_TO_EDC,1131,92,success,0,5
T-00391,2026-06-22T08:00:00+00:00,SITE-05,EHR_TO_EDC,3866,248,success,0,10
T-00392,2026-06-22T13:00:00+00:00,SITE-05,EHR_TO_EDC,1527,45,success,0,11
T-00393,2026-06-22T18:00:00+00:00,SITE-05,EHR_TO_EDC,4072,206,success,0,11
T-00394,2026-06-22T08:00:00+00:00,SITE-06,EHR_TO_EDC,2244,159,success,0,12
T-00395,2026-06-22T13:00:00+00:00,SITE-06,EHR_TO_EDC,2554,174,success,0,14
T-00396,2026-06-22T18:00:00+00:00,SITE-06,EHR_TO_EDC,2167,178,success,0,4
T-00397,2026-06-23T08:00:00+00:00,SITE-01,EHR_TO_EDC,2668,198,success,0,12
T-00398,2026-06-23T13:00:00+00:00,SITE-01,EHR_TO_EDC,2043,84,success,0,15
T-00399,2026-06-23T18:00:00+00:00,SITE-01,EHR_TO_EDC,1656,132,success,0,8
T-00400,2026-06-23T08:00:00+00:00,SITE-02,EHR_TO_EDC,2137,171,success,0,13
T-00401,2026-06-23T13:00:00+00:00,SITE-02,EHR_TO_EDC,3055,134,success,0,8
T-00402,2026-06-23T18:00:00+00:00,SITE-02,EHR_TO_EDC,4475,216,success,0,8
T-00403,2026-06-23T08:00:00+00:00,SITE-03,EHR_TO_EDC,2246,115,success,0,6
T-00404,2026-06-23T13:00:00+00:00,SITE-03,EHR_TO_EDC,2472,213,success,0,2
T-00405,2026-06-23T18:00:00+00:00,SITE-03,EHR_TO_EDC,2991,149,success,0,13
T-00406,2026-06-23T08:00:00+00:00,SITE-04,EHR_TO_EDC,4425,272,success,0,14
T-00407,2026-06-23T13:00:00+00:00,SITE-04,EHR_TO_EDC,2284,148,success,0,3
T-00408,2026-06-23T18:00:00+00:00,SITE-04,EHR_TO_EDC,1647,74,success,0,3
T-00409,2026-06-23T08:00:00+00:00,SITE-05,EHR_TO_EDC,3482,192,success,0,4
T-00410,2026-06-23T13:00:00+00:00,SITE-05,EHR_TO_EDC,843,95,success,0,11
T-00411,2026-06-23T18:00:00+00:00,SITE-05,EHR_TO_EDC,3026,148,success,0,15
T-00412,2026-06-23T08:00:00+00:00,SITE-06,EHR_TO_EDC,2064,136,success,0,4
T-00413,2026-06-23T13:00:00+00:00,SITE-06,EHR_TO_EDC,2529,197,success,0,11
T-00414,2026-06-23T18:00:00+00:00,SITE-06,EHR_TO_EDC,4000,220,success,0,3
T-00415,2026-06-24T08:00:00+00:00,SITE-01,EHR_TO_EDC,1711,155,success,0,4
T-00416,2026-06-24T13:00:00+00:00,SITE-01,EHR_TO_EDC,1594,73,success,0,11
T-00417,2026-06-24T18:00:00+00:00,SITE-01,EHR_TO_EDC,1194,46,success,0,6
T-00418,2026-06-24T08:00:00+00:00,SITE-02,EHR_TO_EDC,3085,152,success,0,11
T-00419,2026-06-24T13:00:00+00:00,SITE-02,EHR_TO_EDC,3523,196,success,0,11
T-00420,2026-06-24T18:00:00+00:00,SITE-02,EHR_TO_EDC,1146,123,success,0,9
T-00421,2026-06-24T08:00:00+00:00,SITE-03,EHR_TO_EDC,3191,246,success,0,8
T-00422,2026-06-24T13:00:00+00:00,SITE-03,EHR_TO_EDC,1152,55,success,0,11
T-00423,2026-06-24T18:00:00+00:00,SITE-03,EHR_TO_EDC,783,30,success,0,8
T-00424,2026-06-24T08:00:00+00:00,SITE-04,EHR_TO_EDC,3435,187,success,0,9
T-00425,2026-06-24T13:00:00+00:00,SITE-04,EHR_TO_EDC,1735,127,success,0,4
T-00426,2026-06-24T18:00:00+00:00,SITE-04,EHR_TO_EDC,1775,120,success,0,2
T-00427,2026-06-24T08:00:00+00:00,SITE-05,EHR_TO_EDC,1816,63,success,0,9
T-00428,2026-06-24T13:00:00+00:00,SITE-05,EHR_TO_EDC,3950,214,success,0,4
T-00429,2026-06-24T18:00:00+00:00,SITE-05,EHR_TO_EDC,4279,246,success,0,5
T-00430,2026-06-24T08:00:00+00:00,SITE-06,EHR_TO_EDC,4066,295,success,0,4
T-00431,2026-06-24T13:00:00+00:00,SITE-06,EHR_TO_EDC,3196,148,success,0,5
T-00432,2026-06-24T18:00:00+00:00,SITE-06,EHR_TO_EDC,2889,216,success,0,8
T-00433,2026-06-25T08:00:00+00:00,SITE-01,EHR_TO_EDC,1955,74,success,0,13
T-00434,2026-06-25T13:00:00+00:00,SITE-01,EHR_TO_EDC,3894,222,success,0,7
T-00435,2026-06-25T18:00:00+00:00,SITE-01,EHR_TO_EDC,2670,165,success,0,11
T-00436,2026-06-25T08:00:00+00:00,SITE-02,EHR_TO_EDC,2115,170,success,0,6
T-00437,2026-06-25T13:00:00+00:00,SITE-02,EHR_TO_EDC,3321,208,success,0,8
T-00438,2026-06-25T18:00:00+00:00,SITE-02,EHR_TO_EDC,3018,220,success,0,11
T-00439,2026-06-25T08:00:00+00:00,SITE-03,EHR_TO_EDC,4327,229,success,0,2
T-00440,2026-06-25T13:00:00+00:00,SITE-03,EHR_TO_EDC,2952,138,success,0,2
T-00441,2026-06-25T18:00:00+00:00,SITE-03,EHR_TO_EDC,1938,182,success,0,0
T-00442,2026-06-25T08:00:00+00:00,SITE-04,EHR_TO_EDC,1117,141,success,0,3
T-00443,2026-06-25T13:00:00+00:00,SITE-04,EHR_TO_EDC,1499,90,success,0,9
T-00444,2026-06-25T18:00:00+00:00,SITE-04,EHR_TO_EDC,2148,190,success,0,4
T-00445,2026-06-25T08:00:00+00:00,SITE-05,EHR_TO_EDC,951,97,success,0,2
T-00446,2026-06-25T13:00:00+00:00,SITE-05,EHR_TO_EDC,1276,33,success,0,13
T-00447,2026-06-25T18:00:00+00:00,SITE-05,EHR_TO_EDC,3038,146,success,0,2
T-00448,2026-06-25T08:00:00+00:00,SITE-06,EHR_TO_EDC,2489,165,success,0,5
T-00449,2026-06-25T13:00:00+00:00,SITE-06,EHR_TO_EDC,1052,85,success,0,11
T-00450,2026-06-25T18:00:00+00:00,SITE-06,EHR_TO_EDC,3208,201,success,0,6
T-00451,2026-06-26T08:00:00+00:00,SITE-01,EHR_TO_EDC,4302,289,success,0,3
T-00452,2026-06-26T13:00:00+00:00,SITE-01,EHR_TO_EDC,2409,110,success,0,15
T-00453,2026-06-26T18:00:00+00:00,SITE-01,EHR_TO_EDC,1490,52,success,0,15
T-00454,2026-06-26T08:00:00+00:00,SITE-02,EHR_TO_EDC,821,76,success,0,2
T-00455,2026-06-26T13:00:00+00:00,SITE-02,EHR_TO_EDC,1252,144,success,0,9
T-00456,2026-06-26T18:00:00+00:00,SITE-02,EHR_TO_EDC,1748,99,success,0,7
T-00457,2026-06-26T08:00:00+00:00,SITE-03,EHR_TO_EDC,3575,192,success,0,4
T-00458,2026-06-26T13:00:00+00:00,SITE-03,EHR_TO_EDC,2916,233,success,0,4
T-00459,2026-06-26T18:00:00+00:00,SITE-03,EHR_TO_EDC,4216,248,success,0,0
T-00460,2026-06-26T08:00:00+00:00,SITE-04,EHR_TO_EDC,3194,199,success,0,10
T-00461,2026-06-26T13:00:00+00:00,SITE-04,EHR_TO_EDC,1394,48,success,0,5
T-00462,2026-06-26T18:00:00+00:00,SITE-04,EHR_TO_EDC,4439,210,success,0,3
T-00463,2026-06-26T08:00:00+00:00,SITE-05,EHR_TO_EDC,1157,62,success,0,9
T-00464,2026-06-26T13:00:00+00:00,SITE-05,EHR_TO_EDC,798,57,success,0,1
T-00465,2026-06-26T18:00:00+00:00,SITE-05,EHR_TO_EDC,1310,138,success,0,5
T-00466,2026-06-26T08:00:00+00:00,SITE-06,EHR_TO_EDC,3519,232,success,0,2
T-00467,2026-06-26T13:00:00+00:00,SITE-06,EHR_TO_EDC,702,46,success,0,2
T-00468,2026-06-26T18:00:00+00:00,SITE-06,EHR_TO_EDC,3952,206,success,0,12
T-00469,2026-06-27T08:00:00+00:00,SITE-01,EHR_TO_EDC,4113,217,success,0,13
T-00470,2026-06-27T13:00:00+00:00,SITE-01,EHR_TO_EDC,2135,120,success,0,7
T-00471,2026-06-27T18:00:00+00:00,SITE-01,EHR_TO_EDC,2120,127,success,0,0
T-00472,2026-06-27T08:00:00+00:00,SITE-02,EHR_TO_EDC,4380,301,success,0,7
T-00473,2026-06-27T13:00:00+00:00,SITE-02,EHR_TO_EDC,1774,64,success,0,11
T-00474,2026-06-27T18:00:00+00:00,SITE-02,EHR_TO_EDC,2854,210,success,0,10
T-00475,2026-06-27T08:00:00+00:00,SITE-03,EHR_TO_EDC,2834,203,success,0,11
T-00476,2026-06-27T13:00:00+00:00,SITE-03,EHR_TO_EDC,2563,185,success,0,7
T-00477,2026-06-27T18:00:00+00:00,SITE-03,EHR_TO_EDC,4312,252,success,0,5
T-00478,2026-06-27T08:00:00+00:00,SITE-04,EHR_TO_EDC,1522,63,success,0,6
T-00479,2026-06-27T13:00:00+00:00,SITE-04,EHR_TO_EDC,1738,113,success,0,15
T-00480,2026-06-27T18:00:00+00:00,SITE-04,EHR_TO_EDC,1604,149,success,0,10
T-00481,2026-06-27T08:00:00+00:00,SITE-05,EHR_TO_EDC,1457,70,success,0,8
T-00482,2026-06-27T13:00:00+00:00,SITE-05,EHR_TO_EDC,3139,200,success,0,8
T-00483,2026-06-27T18:00:00+00:00,SITE-05,EHR_TO_EDC,3048,241,success,0,0
T-00484,2026-06-27T08:00:00+00:00,SITE-06,EHR_TO_EDC,1455,79,success,0,7
T-00485,2026-06-27T13:00:00+00:00,SITE-06,EHR_TO_EDC,969,51,success,0,10
T-00486,2026-06-27T18:00:00+00:00,SITE-06,EHR_TO_EDC,3728,259,success,0,6
T-00487,2026-06-28T08:00:00+00:00,SITE-01,EHR_TO_EDC,3461,156,success,0,7
T-00488,2026-06-28T13:00:00+00:00,SITE-01,EHR_TO_EDC,2912,132,success,0,2
T-00489,2026-06-28T18:00:00+00:00,SITE-01,EHR_TO_EDC,3504,251,success,0,7
T-00490,2026-06-28T08:00:00+00:00,SITE-02,EHR_TO_EDC,2508,126,success,0,1
T-00491,2026-06-28T13:00:00+00:00,SITE-02,EHR_TO_EDC,2397,164,success,0,4
T-00492,2026-06-28T18:00:00+00:00,SITE-02,EHR_TO_EDC,2218,168,success,0,11
T-00493,2026-06-28T08:00:00+00:00,SITE-03,EHR_TO_EDC,986,130,success,0,2
T-00494,2026-06-28T13:00:00+00:00,SITE-03,EHR_TO_EDC,4121,237,success,0,4
T-00495,2026-06-28T18:00:00+00:00,SITE-03,EHR_TO_EDC,2416,195,success,0,7
T-00496,2026-06-28T08:00:00+00:00,SITE-04,EHR_TO_EDC,2085,176,success,0,134
T-00497,2026-06-28T13:00:00+00:00,SITE-04,EHR_TO_EDC,4413,241,success,0,142
T-00498,2026-06-28T18:00:00+00:00,SITE-04,EHR_TO_EDC,4051,301,success,0,86
T-00499,2026-06-28T08:00:00+00:00,SITE-05,EHR_TO_EDC,2743,116,success,0,12
T-00500,2026-06-28T13:00:00+00:00,SITE-05,EHR_TO_EDC,966,67,success,0,5
T-00501,2026-06-28T18:00:00+00:00,SITE-05,EHR_TO_EDC,1287,39,success,0,6
T-00502,2026-06-28T08:00:00+00:00,SITE-06,EHR_TO_EDC,1354,147,success,0,15
T-00503,2026-06-28T13:00:00+00:00,SITE-06,EHR_TO_EDC,1626,169,success,0,10
T-00504,2026-06-28T18:00:00+00:00,SITE-06,EHR_TO_EDC,2100,93,success,0,4
T-00505,2026-06-29T08:00:00+00:00,SITE-01,EHR_TO_EDC,1280,133,success,0,10
T-00506,2026-06-29T13:00:00+00:00,SITE-01,EHR_TO_EDC,875,32,success,0,7
T-00507,2026-06-29T18:00:00+00:00,SITE-01,EHR_TO_EDC,1255,118,success,0,7
T-00508,2026-06-29T08:00:00+00:00,SITE-02,EHR_TO_EDC,4314,307,success,0,14
T-00509,2026-06-29T13:00:00+00:00,SITE-02,EHR_TO_EDC,2204,129,success,0,3
T-00510,2026-06-29T18:00:00+00:00,SITE-02,EHR_TO_EDC,4483,243,success,0,4
T-00511,2026-06-29T08:00:00+00:00,SITE-03,EHR_TO_EDC,4266,206,success,0,5
T-00512,2026-06-29T13:00:00+00:00,SITE-03,EHR_TO_EDC,3671,207,success,0,1
T-00513,2026-06-29T18:00:00+00:00,SITE-03,EHR_TO_EDC,1204,65,success,0,10
T-00514,2026-06-29T08:00:00+00:00,SITE-04,EHR_TO_EDC,1448,114,success,0,118
T-00515,2026-06-29T13:00:00+00:00,SITE-04,EHR_TO_EDC,2858,184,success,0,191
T-00516,2026-06-29T18:00:00+00:00,SITE-04,EHR_TO_EDC,3991,248,success,0,99
T-00517,2026-06-29T08:00:00+00:00,SITE-05,EHR_TO_EDC,1033,100,success,0,7
T-00518,2026-06-29T13:00:00+00:00,SITE-05,EHR_TO_EDC,767,30,success,0,9
T-00519,2026-06-29T18:00:00+00:00,SITE-05,EHR_TO_EDC,3815,290,success,0,5
T-00520,2026-06-29T08:00:00+00:00,SITE-06,EHR_TO_EDC,1356,77,success,0,3
T-00521,2026-06-29T13:00:00+00:00,SITE-06,EHR_TO_EDC,1905,126,success,0,14
T-00522,2026-06-29T18:00:00+00:00,SITE-06,EHR_TO_EDC,2134,155,success,0,15
T-00523,2026-06-30T08:00:00+00:00,SITE-01,EHR_TO_EDC,2604,108,success,0,6
T-00524,2026-06-30T13:00:00+00:00,SITE-01,EHR_TO_EDC,1303,152,success,0,15
T-00525,2026-06-30T18:00:00+00:00,SITE-01,EHR_TO_EDC,3479,156,success,0,14
T-00526,2026-06-30T08:00:00+00:00,SITE-02,EHR_TO_EDC,3824,246,success,0,12
T-00527,2026-06-30T13:00:00+00:00,SITE-02,EHR_TO_EDC,2925,128,success,0,9
T-00528,2026-06-30T18:00:00+00:00,SITE-02,EHR_TO_EDC,1366,40,success,0,5
T-00529,2026-06-30T08:00:00+00:00,SITE-03,EHR_TO_EDC,2343,184,success,0,6
T-00530,2026-06-30T13:00:00+00:00,SITE-03,EHR_TO_EDC,780,30,success,0,7
T-00531,2026-06-30T18:00:00+00:00,SITE-03,EHR_TO_EDC,2436,197,success,0,15
T-00532,2026-06-30T08:00:00+00:00,SITE-04,EHR_TO_EDC,3207,221,success,0,141
T-00533,2026-06-30T13:00:00+00:00,SITE-04,EHR_TO_EDC,800,30,success,0,91
T-00534,2026-06-30T18:00:00+00:00,SITE-04,EHR_TO_EDC,1381,74,success,0,124
T-00535,2026-06-30T08:00:00+00:00,SITE-05,EHR_TO_EDC,1767,166,success,0,11
T-00536,2026-06-30T13:00:00+00:00,SITE-05,EHR_TO_EDC,3516,215,success,0,8
T-00537,2026-06-30T18:00:00+00:00,SITE-05,EHR_TO_EDC,3255,235,success,0,10
T-00538,2026-06-30T08:00:00+00:00,SITE-06,EHR_TO_EDC,1381,81,success,0,4
T-00539,2026-06-30T13:00:00+00:00,SITE-06,EHR_TO_EDC,4320,274,success,0,13
T-00540,2026-06-30T18:00:00+00:00,SITE-06,EHR_TO_EDC,2459,165,success,0,14
T-00541,2026-07-01T08:00:00+00:00,SITE-01,EHR_TO_EDC,1750,99,success,0,15
T-00542,2026-07-01T13:00:00+00:00,SITE-01,EHR_TO_EDC,1655,137,success,0,5
T-00543,2026-07-01T18:00:00+00:00,SITE-01,EHR_TO_EDC,2618,170,success,0,9
T-00544,2026-07-01T08:00:00+00:00,SITE-02,EHR_TO_EDC,3834,194,success,0,10
T-00545,2026-07-01T13:00:00+00:00,SITE-02,EHR_TO_EDC,1663,123,success,0,12
T-00546,2026-07-01T18:00:00+00:00,SITE-02,EHR_TO_EDC,1345,123,success,0,10
T-00547,2026-07-01T08:00:00+00:00,SITE-03,EHR_TO_EDC,1863,144,success,0,3
T-00548,2026-07-01T13:00:00+00:00,SITE-03,EHR_TO_EDC,3296,230,success,0,0
T-00549,2026-07-01T18:00:00+00:00,SITE-03,EHR_TO_EDC,2121,138,success,0,3
T-00550,2026-07-01T08:00:00+00:00,SITE-04,EHR_TO_EDC,2736,207,success,0,179
T-00551,2026-07-01T13:00:00+00:00,SITE-04,EHR_TO_EDC,706,83,success,0,146
T-00552,2026-07-01T18:00:00+00:00,SITE-04,EHR_TO_EDC,1802,123,success,0,101
T-00553,2026-07-01T08:00:00+00:00,SITE-05,EHR_TO_EDC,1068,59,success,0,15
T-00554,2026-07-01T13:00:00+00:00,SITE-05,EHR_TO_EDC,3318,205,success,0,1
T-00555,2026-07-01T18:00:00+00:00,SITE-05,EHR_TO_EDC,3326,162,success,0,0
T-00556,2026-07-01T08:00:00+00:00,SITE-06,EHR_TO_EDC,1847,130,success,0,14
T-00557,2026-07-01T13:00:00+00:00,SITE-06,EHR_TO_EDC,905,30,success,0,8
T-00558,2026-07-01T18:00:00+00:00,SITE-06,EHR_TO_EDC,3976,186,success,0,7
T-00559,2026-07-02T08:00:00+00:00,SITE-01,EHR_TO_EDC,3088,237,success,0,12
T-00560,2026-07-02T13:00:00+00:00,SITE-01,EHR_TO_EDC,3968,185,success,0,8
T-00561,2026-07-02T18:00:00+00:00,SITE-01,EHR_TO_EDC,1498,158,success,0,3
T-00562,2026-07-02T08:00:00+00:00,SITE-02,EHR_TO_EDC,2445,140,success,0,1
T-00563,2026-07-02T13:00:00+00:00,SITE-02,EHR_TO_EDC,996,77,success,0,15
T-00564,2026-07-02T18:00:00+00:00,SITE-02,EHR_TO_EDC,1320,70,success,0,10
T-00565,2026-07-02T08:00:00+00:00,SITE-03,EHR_TO_EDC,4145,275,success,0,10
T-00566,2026-07-02T13:00:00+00:00,SITE-03,EHR_TO_EDC,4494,234,success,0,6
T-00567,2026-07-02T18:00:00+00:00,SITE-03,EHR_TO_EDC,3524,261,success,0,14
T-00568,2026-07-02T08:00:00+00:00,SITE-04,EHR_TO_EDC,3991,219,success,0,4
T-00569,2026-07-02T13:00:00+00:00,SITE-04,EHR_TO_EDC,3506,185,success,0,8
T-00570,2026-07-02T18:00:00+00:00,SITE-04,EHR_TO_EDC,4016,221,success,0,5
T-00571,2026-07-02T08:00:00+00:00,SITE-05,EHR_TO_EDC,1181,129,success,0,15
T-00572,2026-07-02T13:00:00+00:00,SITE-05,EHR_TO_EDC,1942,158,success,0,7
T-00573,2026-07-02T18:00:00+00:00,SITE-05,EHR_TO_EDC,881,125,success,0,0
T-00574,2026-07-02T08:00:00+00:00,SITE-06,EHR_TO_EDC,2796,199,success,0,10
T-00575,2026-07-02T13:00:00+00:00,SITE-06,EHR_TO_EDC,2628,207,success,0,12
T-00576,2026-07-02T18:00:00+00:00,SITE-06,EHR_TO_EDC,3338,255,success,0,2
T-00577,2026-07-03T08:00:00+00:00,SITE-01,EHR_TO_EDC,3432,170,success,0,3
T-00578,2026-07-03T13:00:00+00:00,SITE-01,EHR_TO_EDC,1763,93,success,0,12
T-00579,2026-07-03T18:00:00+00:00,SITE-01,EHR_TO_EDC,1972,101,success,0,5
T-00580,2026-07-03T08:00:00+00:00,SITE-02,EHR_TO_EDC,3200,225,success,0,8
T-00581,2026-07-03T13:00:00+00:00,SITE-02,EHR_TO_EDC,3600,239,success,0,4
T-00582,2026-07-03T18:00:00+00:00,SITE-02,EHR_TO_EDC,3768,262,success,0,1
T-00583,2026-07-03T08:00:00+00:00,SITE-03,EHR_TO_EDC,2486,209,success,0,13
T-00584,2026-07-03T13:00:00+00:00,SITE-03,EHR_TO_EDC,3848,223,success,0,0
T-00585,2026-07-03T18:00:00+00:00,SITE-03,EHR_TO_EDC,3031,161,success,0,15
T-00586,2026-07-03T08:00:00+00:00,SITE-04,EHR_TO_EDC,3317,262,success,0,15
T-00587,2026-07-03T13:00:00+00:00,SITE-04,EHR_TO_EDC,1621,99,success,0,11
T-00588,2026-07-03T18:00:00+00:00,SITE-04,EHR_TO_EDC,860,30,success,0,5
T-00589,2026-07-03T08:00:00+00:00,SITE-05,EHR_TO_EDC,2747,213,success,0,7
T-00590,2026-07-03T13:00:00+00:00,SITE-05,EHR_TO_EDC,1645,134,success,0,3
T-00591,2026-07-03T18:00:00+00:00,SITE-05,EHR_TO_EDC,3544,175,success,0,13
T-00592,2026-07-03T08:00:00+00:00,SITE-06,EHR_TO_EDC,1994,129,success,0,8
T-00593,2026-07-03T13:00:00+00:00,SITE-06,EHR_TO_EDC,3529,179,success,0,0
T-00594,2026-07-03T18:00:00+00:00,SITE-06,EHR_TO_EDC,3353,180,success,0,3
T-00595,2026-07-04T08:00:00+00:00,SITE-01,EHR_TO_EDC,2054,116,success,0,1
T-00596,2026-07-04T13:00:00+00:00,SITE-01,EHR_TO_EDC,4433,209,success,0,9
T-00597,2026-07-04T18:00:00+00:00,SITE-01,EHR_TO_EDC,2882,194,success,0,9
T-00598,2026-07-04T08:00:00+00:00,SITE-02,EHR_TO_EDC,2601,203,success,0,1
T-00599,2026-07-04T13:00:00+00:00,SITE-02,EHR_TO_EDC,2065,87,success,0,8
T-00600,2026-07-04T18:00:00+00:00,SITE-02,EHR_TO_EDC,1590,114,success,0,15
T-00601,2026-07-04T08:00:00+00:00,SITE-03,EHR_TO_EDC,969,30,success,0,3
T-00602,2026-07-04T13:00:00+00:00,SITE-03,EHR_TO_EDC,4232,285,success,0,1
T-00603,2026-07-04T18:00:00+00:00,SITE-03,EHR_TO_EDC,2637,202,success,0,7
T-00604,2026-07-04T08:00:00+00:00,SITE-04,EHR_TO_EDC,1880,89,success,0,11
T-00605,2026-07-04T13:00:00+00:00,SITE-04,EHR_TO_EDC,1688,108,success,0,10
T-00606,2026-07-04T18:00:00+00:00,SITE-04,EHR_TO_EDC,2331,97,success,0,10
T-00607,2026-07-04T08:00:00+00:00,SITE-05,EHR_TO_EDC,913,55,success,0,9
T-00608,2026-07-04T13:00:00+00:00,SITE-05,EHR_TO_EDC,2858,228,success,0,13
T-00609,2026-07-04T18:00:00+00:00,SITE-05,EHR_TO_EDC,1582,99,success,0,7
T-00610,2026-07-04T08:00:00+00:00,SITE-06,EHR_TO_EDC,3934,238,success,0,2
T-00611,2026-07-04T13:00:00+00:00,SITE-06,EHR_TO_EDC,1199,80,success,0,13
T-00612,2026-07-04T18:00:00+00:00,SITE-06,EHR_TO_EDC,2649,194,success,0,13
T-00613,2026-07-05T08:00:00+00:00,SITE-01,EHR_TO_EDC,3822,252,success,0,8
T-00614,2026-07-05T13:00:00+00:00,SITE-01,EHR_TO_EDC,3101,201,success,0,13
T-00615,2026-07-05T18:00:00+00:00,SITE-01,EHR_TO_EDC,750,68,success,0,2
T-00616,2026-07-05T08:00:00+00:00,SITE-02,EHR_TO_EDC,1475,64,success,0,1
T-00617,2026-07-05T13:00:00+00:00,SITE-02,EHR_TO_EDC,3219,157,success,0,5
T-00618,2026-07-05T18:00:00+00:00,SITE-02,EHR_TO_EDC,2958,158,success,0,10
T-00619,2026-07-05T08:00:00+00:00,SITE-03,EHR_TO_EDC,1798,157,success,0,1
T-00620,2026-07-05T13:00:00+00:00,SITE-03,EHR_TO_EDC,3591,166,success,0,14
T-00621,2026-07-05T18:00:00+00:00,SITE-03,EHR_TO_EDC,948,67,success,0,3
T-00622,2026-07-05T08:00:00+00:00,SITE-04,EHR_TO_EDC,2644,130,success,0,8
T-00623,2026-07-05T13:00:00+00:00,SITE-04,EHR_TO_EDC,4339,316,success,0,1
T-00624,2026-07-05T18:00:00+00:00,SITE-04,EHR_TO_EDC,2954,133,success,0,0
T-00625,2026-07-05T08:00:00+00:00,SITE-05,EHR_TO_EDC,1803,1019,success,2,14
T-00626,2026-07-05T13:00:00+00:00,SITE-05,EHR_TO_EDC,4257,1112,success,2,13
T-00627,2026-07-05T18:00:00+00:00,SITE-05,EHR_TO_EDC,2740,1085,success,2,7
T-00628,2026-07-05T08:00:00+00:00,SITE-06,EHR_TO_EDC,2350,194,success,0,7
T-00629,2026-07-05T13:00:00+00:00,SITE-06,EHR_TO_EDC,3490,263,success,0,13
T-00630,2026-07-05T18:00:00+00:00,SITE-06,EHR_TO_EDC,890,30,success,0,4
T-00631,2026-07-06T08:00:00+00:00,SITE-01,EHR_TO_EDC,1704,61,success,0,15
T-00632,2026-07-06T13:00:00+00:00,SITE-01,EHR_TO_EDC,2349,92,success,0,12
T-00633,2026-07-06T18:00:00+00:00,SITE-01,EHR_TO_EDC,998,110,success,0,12
T-00634,2026-07-06T08:00:00+00:00,SITE-02,EHR_TO_EDC,3691,224,success,0,3
T-00635,2026-07-06T13:00:00+00:00,SITE-02,EHR_TO_EDC,1551,77,success,0,15
T-00636,2026-07-06T18:00:00+00:00,SITE-02,EHR_TO_EDC,3107,243,success,0,10
T-00637,2026-07-06T08:00:00+00:00,SITE-03,EHR_TO_EDC,4493,290,success,0,3
T-00638,2026-07-06T13:00:00+00:00,SITE-03,EHR_TO_EDC,2074,113,success,0,0
T-00639,2026-07-06T18:00:00+00:00,SITE-03,EHR_TO_EDC,1604,155,success,0,13
T-00640,2026-07-06T08:00:00+00:00,SITE-04,EHR_TO_EDC,3727,218,success,0,6
T-00641,2026-07-06T13:00:00+00:00,SITE-04,EHR_TO_EDC,1754,61,success,0,2
T-00642,2026-07-06T18:00:00+00:00,SITE-04,EHR_TO_EDC,3600,194,success,0,14
T-00643,2026-07-06T08:00:00+00:00,SITE-05,EHR_TO_EDC,1548,992,success,2,13
T-00644,2026-07-06T13:00:00+00:00,SITE-05,EHR_TO_EDC,1538,1002,success,2,13
T-00645,2026-07-06T18:00:00+00:00,SITE-05,EHR_TO_EDC,1992,997,success,2,0
T-00646,2026-07-06T08:00:00+00:00,SITE-06,EHR_TO_EDC,2384,203,success,0,9
T-00647,2026-07-06T13:00:00+00:00,SITE-06,EHR_TO_EDC,3247,238,success,0,2
T-00648,2026-07-06T18:00:00+00:00,SITE-06,EHR_TO_EDC,2564,196,success,0,15
T-00649,2026-07-07T08:00:00+00:00,SITE-01,EHR_TO_EDC,3262,253,success,0,14
T-00650,2026-07-07T13:00:00+00:00,SITE-01,EHR_TO_EDC,3400,196,success,0,12
T-00651,2026-07-07T18:00:00+00:00,SITE-01,EHR_TO_EDC,4329,285,success,0,2
T-00652,2026-07-07T08:00:00+00:00,SITE-02,EHR_TO_EDC,3734,196,success,0,9
T-00653,2026-07-07T13:00:00+00:00,SITE-02,EHR_TO_EDC,1636,142,success,0,14
T-00654,2026-07-07T18:00:00+00:00,SITE-02,EHR_TO_EDC,2482,124,success,0,9
T-00655,2026-07-07T08:00:00+00:00,SITE-03,EHR_TO_EDC,1625,126,success,0,2
T-00656,2026-07-07T13:00:00+00:00,SITE-03,EHR_TO_EDC,2908,196,success,0,10
T-00657,2026-07-07T18:00:00+00:00,SITE-03,EHR_TO_EDC,3007,218,success,0,12
T-00658,2026-07-07T08:00:00+00:00,SITE-04,EHR_TO_EDC,768,109,success,0,13
T-00659,2026-07-07T13:00:00+00:00,SITE-04,EHR_TO_EDC,2111,175,success,0,13
T-00660,2026-07-07T18:00:00+00:00,SITE-04,EHR_TO_EDC,1762,68,success,0,12
T-00661,2026-07-07T08:00:00+00:00,SITE-05,EHR_TO_EDC,1604,1059,success,2,12
T-00662,2026-07-07T13:00:00+00:00,SITE-05,EHR_TO_EDC,1927,992,success,2,13
T-00663,2026-07-07T18:00:00+00:00,SITE-05,EHR_TO_EDC,944,975,success,2,1
T-00664,2026-07-07T08:00:00+00:00,SITE-06,EHR_TO_EDC,4063,212,success,0,12
T-00665,2026-07-07T13:00:00+00:00,SITE-06,EHR_TO_EDC,972,89,success,0,10
T-00666,2026-07-07T18:00:00+00:00,SITE-06,EHR_TO_EDC,3758,214,success,0,15
T-00667,2026-07-08T08:00:00+00:00,SITE-01,EHR_TO_EDC,1730,88,success,0,13
T-00668,2026-07-08T13:00:00+00:00,SITE-01,EHR_TO_EDC,2929,142,success,0,0
T-00669,2026-07-08T18:00:00+00:00,SITE-01,EHR_TO_EDC,1259,125,success,0,10
T-00670,2026-07-08T08:00:00+00:00,SITE-02,EHR_TO_EDC,4016,276,success,0,0
T-00671,2026-07-08T13:00:00+00:00,SITE-02,EHR_TO_EDC,1824,157,success,0,10
T-00672,2026-07-08T18:00:00+00:00,SITE-02,EHR_TO_EDC,2863,182,success,0,10
T-00673,2026-07-08T08:00:00+00:00,SITE-03,EHR_TO_EDC,1384,154,success,0,15
T-00674,2026-07-08T13:00:00+00:00,SITE-03,EHR_TO_EDC,3416,211,success,0,9
T-00675,2026-07-08T18:00:00+00:00,SITE-03,EHR_TO_EDC,4411,308,success,0,13
T-00676,2026-07-08T08:00:00+00:00,SITE-04,EHR_TO_EDC,3468,170,success,0,3
T-00677,2026-07-08T13:00:00+00:00,SITE-04,EHR_TO_EDC,3181,142,success,0,14
T-00678,2026-07-08T18:00:00+00:00,SITE-04,EHR_TO_EDC,2595,171,success,0,14
T-00679,2026-07-08T08:00:00+00:00,SITE-05,EHR_TO_EDC,3032,130,success,0,9
T-00680,2026-07-08T13:00:00+00:00,SITE-05,EHR_TO_EDC,2144,134,success,0,1
T-00681,2026-07-08T18:00:00+00:00,SITE-05,EHR_TO_EDC,1008,30,success,0,9
T-00682,2026-07-08T08:00:00+00:00,SITE-06,EHR_TO_EDC,2936,211,success,0,5
T-00683,2026-07-08T13:00:00+00:00,SITE-06,EHR_TO_EDC,3527,201,success,0,6
T-00684,2026-07-08T18:00:00+00:00,SITE-06,EHR_TO_EDC,2257,175,success,0,8
T-00685,2026-07-09T08:00:00+00:00,SITE-01,EHR_TO_EDC,1299,77,success,0,0
T-00686,2026-07-09T13:00:00+00:00,SITE-01,EHR_TO_EDC,2909,168,success,0,12
T-00687,2026-07-09T18:00:00+00:00,SITE-01,EHR_TO_EDC,3392,199,success,0,4
T-00688,2026-07-09T08:00:00+00:00,SITE-02,EHR_TO_EDC,3928,217,success,0,7
T-00689,2026-07-09T13:00:00+00:00,SITE-02,EHR_TO_EDC,1546,67,success,0,0
T-00690,2026-07-09T18:00:00+00:00,SITE-02,EHR_TO_EDC,1182,141,success,0,2
T-00691,2026-07-09T08:00:00+00:00,SITE-03,EHR_TO_EDC,3309,244,success,0,0
T-00692,2026-07-09T13:00:00+00:00,SITE-03,EHR_TO_EDC,3726,191,success,0,8
T-00693,2026-07-09T18:00:00+00:00,SITE-03,EHR_TO_EDC,785,65,success,0,1
T-00694,2026-07-09T08:00:00+00:00,SITE-04,EHR_TO_EDC,3548,231,success,0,0
T-00695,2026-07-09T13:00:00+00:00,SITE-04,EHR_TO_EDC,3426,254,success,0,9
T-00696,2026-07-09T18:00:00+00:00,SITE-04,EHR_TO_EDC,4220,236,success,0,6
T-00697,2026-07-09T08:00:00+00:00,SITE-05,EHR_TO_EDC,3258,231,success,0,11
T-00698,2026-07-09T13:00:00+00:00,SITE-05,EHR_TO_EDC,3564,199,success,0,10
T-00699,2026-07-09T18:00:00+00:00,SITE-05,EHR_TO_EDC,4024,295,success,0,6
T-00700,2026-07-09T08:00:00+00:00,SITE-06,EHR_TO_EDC,4164,251,success,0,10
T-00701,2026-07-09T13:00:00+00:00,SITE-06,EHR_TO_EDC,813,61,success,0,9
T-00702,2026-07-09T18:00:00+00:00,SITE-06,EHR_TO_EDC,3195,201,success,0,11
T-00703,2026-07-10T08:00:00+00:00,SITE-01,EHR_TO_EDC,1615,119,success,0,7
T-00704,2026-07-10T13:00:00+00:00,SITE-01,EHR_TO_EDC,3165,214,success,0,10
T-00705,2026-07-10T18:00:00+00:00,SITE-01,EHR_TO_EDC,1315,115,success,0,10
T-00706,2026-07-10T08:00:00+00:00,SITE-02,EHR_TO_EDC,3927,234,success,0,13
T-00707,2026-07-10T13:00:00+00:00,SITE-02,EHR_TO_EDC,1419,143,success,0,5
T-00708,2026-07-10T18:00:00+00:00,SITE-02,EHR_TO_EDC,4449,282,success,0,5
T-00709,2026-07-10T08:00:00+00:00,SITE-03,EHR_TO_EDC,2637,151,success,0,11
T-00710,2026-07-10T13:00:00+00:00,SITE-03,EHR_TO_EDC,1585,146,success,0,10
T-00711,2026-07-10T18:00:00+00:00,SITE-03,EHR_TO_EDC,4272,306,success,0,7
T-00712,2026-07-10T08:00:00+00:00,SITE-04,EHR_TO_EDC,2662,153,success,0,1
T-00713,2026-07-10T13:00:00+00:00,SITE-04,EHR_TO_EDC,1636,113,success,0,1
T-00714,2026-07-10T18:00:00+00:00,SITE-04,EHR_TO_EDC,4182,281,success,0,2
T-00715,2026-07-10T08:00:00+00:00,SITE-05,EHR_TO_EDC,3840,280,success,0,0
T-00716,2026-07-10T13:00:00+00:00,SITE-05,EHR_TO_EDC,1090,61,success,0,1
T-00717,2026-07-10T18:00:00+00:00,SITE-05,EHR_TO_EDC,3130,178,success,0,15
T-00718,2026-07-10T08:00:00+00:00,SITE-06,EHR_TO_EDC,3158,203,success,0,12
T-00719,2026-07-10T13:00:00+00:00,SITE-06,EHR_TO_EDC,956,114,success,0,3
T-00720,2026-07-10T18:00:00+00:00,SITE-06,EHR_TO_EDC,2410,95,success,0,5
T-00721,2026-07-11T08:00:00+00:00,SITE-01,EHR_TO_EDC,2968,158,success,0,1
T-00722,2026-07-11T13:00:00+00:00,SITE-01,EHR_TO_EDC,3432,169,success,0,10
T-00723,2026-07-11T18:00:00+00:00,SITE-01,EHR_TO_EDC,920,70,success,0,9
T-00724,2026-07-11T08:00:00+00:00,SITE-02,EHR_TO_EDC,1605,120,success,0,0
T-00725,2026-07-11T13:00:00+00:00,SITE-02,EHR_TO_EDC,2157,110,success,0,11
T-00726,2026-07-11T18:00:00+00:00,SITE-02,EHR_TO_EDC,714,30,success,0,9
T-00727,2026-07-11T08:00:00+00:00,SITE-03,EHR_TO_EDC,1927,100,success,0,0
T-00728,2026-07-11T13:00:00+00:00,SITE-03,EHR_TO_EDC,766,48,success,0,9
T-00729,2026-07-11T18:00:00+00:00,SITE-03,EHR_TO_EDC,2405,168,success,0,5
T-00730,2026-07-11T08:00:00+00:00,SITE-04,EHR_TO_EDC,1800,82,success,0,3
T-00731,2026-07-11T13:00:00+00:00,SITE-04,EHR_TO_EDC,1365,143,success,0,3
T-00732,2026-07-11T18:00:00+00:00,SITE-04,EHR_TO_EDC,2621,191,success,0,6
T-00733,2026-07-11T08:00:00+00:00,SITE-05,EHR_TO_EDC,1977,138,success,0,14
T-00734,2026-07-11T13:00:00+00:00,SITE-05,EHR_TO_EDC,3535,247,success,0,7
T-00735,2026-07-11T18:00:00+00:00,SITE-05,EHR_TO_EDC,2392,196,success,0,12
T-00736,2026-07-11T08:00:00+00:00,SITE-06,EHR_TO_EDC,2183,145,success,0,8
T-00737,2026-07-11T13:00:00+00:00,SITE-06,EHR_TO_EDC,2619,161,success,0,7
T-00738,2026-07-11T18:00:00+00:00,SITE-06,EHR_TO_EDC,1867,65,success,0,9
T-00739,2026-07-12T08:00:00+00:00,SITE-01,EHR_TO_EDC,1933,117,success,0,1
T-00740,2026-07-12T13:00:00+00:00,SITE-01,EHR_TO_EDC,3353,247,success,0,1
T-00741,2026-07-12T18:00:00+00:00,SITE-01,EHR_TO_EDC,3240,198,success,0,9
T-00742,2026-07-12T08:00:00+00:00,SITE-02,EHR_TO_EDC,2837,141,success,0,11
T-00743,2026-07-12T13:00:00+00:00,SITE-02,EHR_TO_EDC,4257,314,success,0,14
T-00744,2026-07-12T18:00:00+00:00,SITE-02,EHR_TO_EDC,3533,203,success,0,14
T-00745,2026-07-12T08:00:00+00:00,SITE-03,EHR_TO_EDC,1070,69,success,0,7
T-00746,2026-07-12T13:00:00+00:00,SITE-03,EHR_TO_EDC,4306,273,success,0,6
T-00747,2026-07-12T18:00:00+00:00,SITE-03,EHR_TO_EDC,1004,30,success,0,7
T-00748,2026-07-12T08:00:00+00:00,SITE-04,EHR_TO_EDC,2888,162,success,0,13
T-00749,2026-07-12T13:00:00+00:00,SITE-04,EHR_TO_EDC,2808,187,success,0,9
T-00750,2026-07-12T18:00:00+00:00,SITE-04,EHR_TO_EDC,859,117,success,0,9
T-00751,2026-07-12T08:00:00+00:00,SITE-05,EHR_TO_EDC,2816,161,success,0,2
T-00752,2026-07-12T13:00:00+00:00,SITE-05,EHR_TO_EDC,2878,133,success,0,0
T-00753,2026-07-12T18:00:00+00:00,SITE-05,EHR_TO_EDC,4248,214,success,0,12
T-00754,2026-07-12T08:00:00+00:00,SITE-06,EHR_TO_EDC,3628,242,success,0,3
T-00755,2026-07-12T13:00:00+00:00,SITE-06,EHR_TO_EDC,2533,171,success,0,13
T-00756,2026-07-12T18:00:00+00:00,SITE-06,EHR_TO_EDC,3122,230,success,0,1
