event_date,site_id,rule_id,rule_name,records_evaluated,records_failed,rule_fail_pct
2026-06-01,SITE-01,DQ-01,required_field_completeness,13041,13,0.1
2026-06-01,SITE-01,DQ-02,identifier_conformance,4624,31,0.67
2026-06-01,SITE-01,DQ-03,terminology_mapping,7469,45,0.602
2026-06-01,SITE-01,DQ-04,referential_integrity,11682,15,0.128
2026-06-01,SITE-02,DQ-01,required_field_completeness,10823,43,0.397
2026-06-01,SITE-02,DQ-02,identifier_conformance,12405,23,0.185
2026-06-01,SITE-02,DQ-03,terminology_mapping,12966,42,0.324
2026-06-01,SITE-02,DQ-04,referential_integrity,13570,3,0.022
2026-06-01,SITE-03,DQ-01,required_field_completeness,3701,16,0.432
2026-06-01,SITE-03,DQ-02,identifier_conformance,14259,15,0.105
2026-06-01,SITE-03,DQ-03,terminology_mapping,13395,6,0.045
2026-06-01,SITE-03,DQ-04,referential_integrity,7477,21,0.281
2026-06-01,SITE-04,DQ-01,required_field_completeness,8970,13,0.145
2026-06-01,SITE-04,DQ-02,identifier_conformance,12654,35,0.277
2026-06-01,SITE-04,DQ-03,terminology_mapping,5159,42,0.814
2026-06-01,SITE-04,DQ-04,referential_integrity,6514,18,0.276
2026-06-01,SITE-05,DQ-01,required_field_completeness,6584,16,0.243
2026-06-01,SITE-05,DQ-02,identifier_conformance,6211,5,0.081
2026-06-01,SITE-05,DQ-03,terminology_mapping,9133,4,0.044
2026-06-01,SITE-05,DQ-04,referential_integrity,5802,14,0.241
2026-06-01,SITE-06,DQ-01,required_field_completeness,13893,3,0.022
2026-06-01,SITE-06,DQ-02,identifier_conformance,6178,32,0.518
2026-06-01,SITE-06,DQ-03,terminology_mapping,14067,22,0.156
2026-06-01,SITE-06,DQ-04,referential_integrity,7748,13,0.168
2026-06-02,SITE-01,DQ-01,required_field_completeness,8735,42,0.481
2026-06-02,SITE-01,DQ-02,identifier_conformance,5387,41,0.761
2026-06-02,SITE-01,DQ-03,terminology_mapping,3609,45,1.247
2026-06-02,SITE-01,DQ-04,referential_integrity,4216,38,0.901
2026-06-02,SITE-02,DQ-01,required_field_completeness,8481,26,0.307
2026-06-02,SITE-02,DQ-02,identifier_conformance,14256,18,0.126
2026-06-02,SITE-02,DQ-03,terminology_mapping,9851,43,0.437
2026-06-02,SITE-02,DQ-04,referential_integrity,6535,28,0.428
2026-06-02,SITE-03,DQ-01,required_field_completeness,11611,43,0.37
2026-06-02,SITE-03,DQ-02,identifier_conformance,4076,17,0.417
2026-06-02,SITE-03,DQ-03,terminology_mapping,13181,19,0.144
2026-06-02,SITE-03,DQ-04,referential_integrity,7931,14,0.177
2026-06-02,SITE-04,DQ-01,required_field_completeness,14550,7,0.048
2026-06-02,SITE-04,DQ-02,identifier_conformance,4579,18,0.393
2026-06-02,SITE-04,DQ-03,terminology_mapping,6555,17,0.259
2026-06-02,SITE-04,DQ-04,referential_integrity,9741,20,0.205
2026-06-02,SITE-05,DQ-01,required_field_completeness,14401,9,0.062
2026-06-02,SITE-05,DQ-02,identifier_conformance,13880,44,0.317
2026-06-02,SITE-05,DQ-03,terminology_mapping,14168,42,0.296
2026-06-02,SITE-05,DQ-04,referential_integrity,14831,26,0.175
2026-06-02,SITE-06,DQ-01,required_field_completeness,8741,33,0.378
2026-06-02,SITE-06,DQ-02,identifier_conformance,3615,5,0.138
2026-06-02,SITE-06,DQ-03,terminology_mapping,10223,33,0.323
2026-06-02,SITE-06,DQ-04,referential_integrity,13136,26,0.198
2026-06-03,SITE-01,DQ-01,required_field_completeness,5499,35,0.636
2026-06-03,SITE-01,DQ-02,identifier_conformance,7651,5,0.065
2026-06-03,SITE-01,DQ-03,terminology_mapping,5415,3,0.055
2026-06-03,SITE-01,DQ-04,referential_integrity,9394,40,0.426
2026-06-03,SITE-02,DQ-01,required_field_completeness,9582,37,0.386
2026-06-03,SITE-02,DQ-02,identifier_conformance,8907,26,0.292
2026-06-03,SITE-02,DQ-03,terminology_mapping,5930,39,0.658
2026-06-03,SITE-02,DQ-04,referential_integrity,14040,40,0.285
2026-06-03,SITE-03,DQ-01,required_field_completeness,6455,15,0.232
2026-06-03,SITE-03,DQ-02,identifier_conformance,11695,2,0.017
2026-06-03,SITE-03,DQ-03,terminology_mapping,11687,44,0.376
2026-06-03,SITE-03,DQ-04,referential_integrity,14055,38,0.27
2026-06-03,SITE-04,DQ-01,required_field_completeness,13767,17,0.123
2026-06-03,SITE-04,DQ-02,identifier_conformance,10847,14,0.129
2026-06-03,SITE-04,DQ-03,terminology_mapping,11437,4,0.035
2026-06-03,SITE-04,DQ-04,referential_integrity,4779,36,0.753
2026-06-03,SITE-05,DQ-01,required_field_completeness,4048,10,0.247
2026-06-03,SITE-05,DQ-02,identifier_conformance,6604,26,0.394
2026-06-03,SITE-05,DQ-03,terminology_mapping,11164,16,0.143
2026-06-03,SITE-05,DQ-04,referential_integrity,10640,41,0.385
2026-06-03,SITE-06,DQ-01,required_field_completeness,9655,12,0.124
2026-06-03,SITE-06,DQ-02,identifier_conformance,9463,5,0.053
2026-06-03,SITE-06,DQ-03,terminology_mapping,9246,6,0.065
2026-06-03,SITE-06,DQ-04,referential_integrity,5920,19,0.321
2026-06-04,SITE-01,DQ-01,required_field_completeness,6159,41,0.666
2026-06-04,SITE-01,DQ-02,identifier_conformance,4115,3,0.073
2026-06-04,SITE-01,DQ-03,terminology_mapping,7457,43,0.577
2026-06-04,SITE-01,DQ-04,referential_integrity,9741,11,0.113
2026-06-04,SITE-02,DQ-01,required_field_completeness,4917,4,0.081
2026-06-04,SITE-02,DQ-02,identifier_conformance,5772,23,0.398
2026-06-04,SITE-02,DQ-03,terminology_mapping,13356,4,0.03
2026-06-04,SITE-02,DQ-04,referential_integrity,13208,9,0.068
2026-06-04,SITE-03,DQ-01,required_field_completeness,7267,20,0.275
2026-06-04,SITE-03,DQ-02,identifier_conformance,6448,14,0.217
2026-06-04,SITE-03,DQ-03,terminology_mapping,10877,9,0.083
2026-06-04,SITE-03,DQ-04,referential_integrity,10659,14,0.131
2026-06-04,SITE-04,DQ-01,required_field_completeness,4706,42,0.892
2026-06-04,SITE-04,DQ-02,identifier_conformance,12058,12,0.1
2026-06-04,SITE-04,DQ-03,terminology_mapping,4657,12,0.258
2026-06-04,SITE-04,DQ-04,referential_integrity,12274,26,0.212
2026-06-04,SITE-05,DQ-01,required_field_completeness,10213,11,0.108
2026-06-04,SITE-05,DQ-02,identifier_conformance,9695,38,0.392
2026-06-04,SITE-05,DQ-03,terminology_mapping,11822,8,0.068
2026-06-04,SITE-05,DQ-04,referential_integrity,9857,2,0.02
2026-06-04,SITE-06,DQ-01,required_field_completeness,11270,21,0.186
2026-06-04,SITE-06,DQ-02,identifier_conformance,4151,41,0.988
2026-06-04,SITE-06,DQ-03,terminology_mapping,3960,14,0.354
2026-06-04,SITE-06,DQ-04,referential_integrity,9001,2,0.022
2026-06-05,SITE-01,DQ-01,required_field_completeness,10427,39,0.374
2026-06-05,SITE-01,DQ-02,identifier_conformance,9925,20,0.202
2026-06-05,SITE-01,DQ-03,terminology_mapping,12377,20,0.162
2026-06-05,SITE-01,DQ-04,referential_integrity,14390,10,0.069
2026-06-05,SITE-02,DQ-01,required_field_completeness,6128,26,0.424
2026-06-05,SITE-02,DQ-02,identifier_conformance,9596,8,0.083
2026-06-05,SITE-02,DQ-03,terminology_mapping,14199,4,0.028
2026-06-05,SITE-02,DQ-04,referential_integrity,7822,20,0.256
2026-06-05,SITE-03,DQ-01,required_field_completeness,8365,20,0.239
2026-06-05,SITE-03,DQ-02,identifier_conformance,7505,8,0.107
2026-06-05,SITE-03,DQ-03,terminology_mapping,14960,43,0.287
2026-06-05,SITE-03,DQ-04,referential_integrity,6542,42,0.642
2026-06-05,SITE-04,DQ-01,required_field_completeness,9944,23,0.231
2026-06-05,SITE-04,DQ-02,identifier_conformance,7624,9,0.118
2026-06-05,SITE-04,DQ-03,terminology_mapping,12634,9,0.071
2026-06-05,SITE-04,DQ-04,referential_integrity,10301,45,0.437
2026-06-05,SITE-05,DQ-01,required_field_completeness,9432,39,0.413
2026-06-05,SITE-05,DQ-02,identifier_conformance,13419,45,0.335
2026-06-05,SITE-05,DQ-03,terminology_mapping,12952,38,0.293
2026-06-05,SITE-05,DQ-04,referential_integrity,8044,16,0.199
2026-06-05,SITE-06,DQ-01,required_field_completeness,11418,43,0.377
2026-06-05,SITE-06,DQ-02,identifier_conformance,7916,38,0.48
2026-06-05,SITE-06,DQ-03,terminology_mapping,5854,18,0.307
2026-06-05,SITE-06,DQ-04,referential_integrity,10114,33,0.326
2026-06-06,SITE-01,DQ-01,required_field_completeness,12741,7,0.055
2026-06-06,SITE-01,DQ-02,identifier_conformance,5656,43,0.76
2026-06-06,SITE-01,DQ-03,terminology_mapping,4518,29,0.642
2026-06-06,SITE-01,DQ-04,referential_integrity,13801,39,0.283
2026-06-06,SITE-02,DQ-01,required_field_completeness,8082,15,0.186
2026-06-06,SITE-02,DQ-02,identifier_conformance,8789,40,0.455
2026-06-06,SITE-02,DQ-03,terminology_mapping,9878,14,0.142
2026-06-06,SITE-02,DQ-04,referential_integrity,7889,30,0.38
2026-06-06,SITE-03,DQ-01,required_field_completeness,14442,3,0.021
2026-06-06,SITE-03,DQ-02,identifier_conformance,7801,13,0.167
2026-06-06,SITE-03,DQ-03,terminology_mapping,9490,34,0.358
2026-06-06,SITE-03,DQ-04,referential_integrity,14866,40,0.269
2026-06-06,SITE-04,DQ-01,required_field_completeness,6609,36,0.545
2026-06-06,SITE-04,DQ-02,identifier_conformance,7805,14,0.179
2026-06-06,SITE-04,DQ-03,terminology_mapping,9731,37,0.38
2026-06-06,SITE-04,DQ-04,referential_integrity,13457,23,0.171
2026-06-06,SITE-05,DQ-01,required_field_completeness,3517,9,0.256
2026-06-06,SITE-05,DQ-02,identifier_conformance,3516,2,0.057
2026-06-06,SITE-05,DQ-03,terminology_mapping,13776,23,0.167
2026-06-06,SITE-05,DQ-04,referential_integrity,14007,19,0.136
2026-06-06,SITE-06,DQ-01,required_field_completeness,11185,34,0.304
2026-06-06,SITE-06,DQ-02,identifier_conformance,13947,3,0.022
2026-06-06,SITE-06,DQ-03,terminology_mapping,4569,29,0.635
2026-06-06,SITE-06,DQ-04,referential_integrity,7308,32,0.438
2026-06-07,SITE-01,DQ-01,required_field_completeness,6414,31,0.483
2026-06-07,SITE-01,DQ-02,identifier_conformance,11268,45,0.399
2026-06-07,SITE-01,DQ-03,terminology_mapping,10396,19,0.183
2026-06-07,SITE-01,DQ-04,referential_integrity,8705,37,0.425
2026-06-07,SITE-02,DQ-01,required_field_completeness,10012,17,0.17
2026-06-07,SITE-02,DQ-02,identifier_conformance,8623,31,0.36
2026-06-07,SITE-02,DQ-03,terminology_mapping,12321,45,0.365
2026-06-07,SITE-02,DQ-04,referential_integrity,13637,11,0.081
2026-06-07,SITE-03,DQ-01,required_field_completeness,14238,14,0.098
2026-06-07,SITE-03,DQ-02,identifier_conformance,5559,41,0.738
2026-06-07,SITE-03,DQ-03,terminology_mapping,13313,12,0.09
2026-06-07,SITE-03,DQ-04,referential_integrity,14728,4,0.027
2026-06-07,SITE-04,DQ-01,required_field_completeness,10410,28,0.269
2026-06-07,SITE-04,DQ-02,identifier_conformance,6502,36,0.554
2026-06-07,SITE-04,DQ-03,terminology_mapping,6691,38,0.568
2026-06-07,SITE-04,DQ-04,referential_integrity,14531,45,0.31
2026-06-07,SITE-05,DQ-01,required_field_completeness,9377,43,0.459
2026-06-07,SITE-05,DQ-02,identifier_conformance,4454,25,0.561
2026-06-07,SITE-05,DQ-03,terminology_mapping,5111,4,0.078
2026-06-07,SITE-05,DQ-04,referential_integrity,5778,31,0.537
2026-06-07,SITE-06,DQ-01,required_field_completeness,14582,18,0.123
2026-06-07,SITE-06,DQ-02,identifier_conformance,14703,18,0.122
2026-06-07,SITE-06,DQ-03,terminology_mapping,12475,31,0.248
2026-06-07,SITE-06,DQ-04,referential_integrity,9597,9,0.094
2026-06-08,SITE-01,DQ-01,required_field_completeness,4439,43,0.969
2026-06-08,SITE-01,DQ-02,identifier_conformance,14118,3,0.021
2026-06-08,SITE-01,DQ-03,terminology_mapping,11299,16,0.142
2026-06-08,SITE-01,DQ-04,referential_integrity,5152,3,0.058
2026-06-08,SITE-02,DQ-01,required_field_completeness,13105,12,0.092
2026-06-08,SITE-02,DQ-02,identifier_conformance,4546,12,0.264
2026-06-08,SITE-02,DQ-03,terminology_mapping,12208,24,0.197
2026-06-08,SITE-02,DQ-04,referential_integrity,5598,7,0.125
2026-06-08,SITE-03,DQ-01,required_field_completeness,13386,24,0.179
2026-06-08,SITE-03,DQ-02,identifier_conformance,5471,25,0.457
2026-06-08,SITE-03,DQ-03,terminology_mapping,14497,43,0.297
2026-06-08,SITE-03,DQ-04,referential_integrity,9584,29,0.303
2026-06-08,SITE-04,DQ-01,required_field_completeness,12578,42,0.334
2026-06-08,SITE-04,DQ-02,identifier_conformance,13036,17,0.13
2026-06-08,SITE-04,DQ-03,terminology_mapping,4381,45,1.027
2026-06-08,SITE-04,DQ-04,referential_integrity,12340,22,0.178
2026-06-08,SITE-05,DQ-01,required_field_completeness,8202,30,0.366
2026-06-08,SITE-05,DQ-02,identifier_conformance,8186,42,0.513
2026-06-08,SITE-05,DQ-03,terminology_mapping,10449,31,0.297
2026-06-08,SITE-05,DQ-04,referential_integrity,6963,2,0.029
2026-06-08,SITE-06,DQ-01,required_field_completeness,10731,32,0.298
2026-06-08,SITE-06,DQ-02,identifier_conformance,7815,32,0.409
2026-06-08,SITE-06,DQ-03,terminology_mapping,13355,34,0.255
2026-06-08,SITE-06,DQ-04,referential_integrity,6069,34,0.56
2026-06-09,SITE-01,DQ-01,required_field_completeness,7861,5,0.064
2026-06-09,SITE-01,DQ-02,identifier_conformance,12330,10,0.081
2026-06-09,SITE-01,DQ-03,terminology_mapping,9388,40,0.426
2026-06-09,SITE-01,DQ-04,referential_integrity,9486,45,0.474
2026-06-09,SITE-02,DQ-01,required_field_completeness,5087,20,0.393
2026-06-09,SITE-02,DQ-02,identifier_conformance,4709,31,0.658
2026-06-09,SITE-02,DQ-03,terminology_mapping,13469,34,0.252
2026-06-09,SITE-02,DQ-04,referential_integrity,10381,19,0.183
2026-06-09,SITE-03,DQ-01,required_field_completeness,9963,45,0.452
2026-06-09,SITE-03,DQ-02,identifier_conformance,11429,27,0.236
2026-06-09,SITE-03,DQ-03,terminology_mapping,14677,32,0.218
2026-06-09,SITE-03,DQ-04,referential_integrity,9354,7,0.075
2026-06-09,SITE-04,DQ-01,required_field_completeness,5428,4,0.074
2026-06-09,SITE-04,DQ-02,identifier_conformance,14994,27,0.18
2026-06-09,SITE-04,DQ-03,terminology_mapping,12239,7,0.057
2026-06-09,SITE-04,DQ-04,referential_integrity,14606,11,0.075
2026-06-09,SITE-05,DQ-01,required_field_completeness,10775,11,0.102
2026-06-09,SITE-05,DQ-02,identifier_conformance,12820,29,0.226
2026-06-09,SITE-05,DQ-03,terminology_mapping,5107,40,0.783
2026-06-09,SITE-05,DQ-04,referential_integrity,7272,11,0.151
2026-06-09,SITE-06,DQ-01,required_field_completeness,10782,43,0.399
2026-06-09,SITE-06,DQ-02,identifier_conformance,8334,21,0.252
2026-06-09,SITE-06,DQ-03,terminology_mapping,9527,26,0.273
2026-06-09,SITE-06,DQ-04,referential_integrity,6993,2,0.029
2026-06-10,SITE-01,DQ-01,required_field_completeness,3553,12,0.338
2026-06-10,SITE-01,DQ-02,identifier_conformance,11412,11,0.096
2026-06-10,SITE-01,DQ-03,terminology_mapping,5667,12,0.212
2026-06-10,SITE-01,DQ-04,referential_integrity,5728,9,0.157
2026-06-10,SITE-02,DQ-01,required_field_completeness,4555,38,0.834
2026-06-10,SITE-02,DQ-02,identifier_conformance,14561,11,0.076
2026-06-10,SITE-02,DQ-03,terminology_mapping,7003,23,0.328
2026-06-10,SITE-02,DQ-04,referential_integrity,10805,13,0.12
2026-06-10,SITE-03,DQ-01,required_field_completeness,13413,5,0.037
2026-06-10,SITE-03,DQ-02,identifier_conformance,8108,5,0.062
2026-06-10,SITE-03,DQ-03,terminology_mapping,8991,11,0.122
2026-06-10,SITE-03,DQ-04,referential_integrity,10459,6,0.057
2026-06-10,SITE-04,DQ-01,required_field_completeness,5288,37,0.7
2026-06-10,SITE-04,DQ-02,identifier_conformance,4109,43,1.046
2026-06-10,SITE-04,DQ-03,terminology_mapping,8944,32,0.358
2026-06-10,SITE-04,DQ-04,referential_integrity,10080,15,0.149
2026-06-10,SITE-05,DQ-01,required_field_completeness,4240,40,0.943
2026-06-10,SITE-05,DQ-02,identifier_conformance,6424,32,0.498
2026-06-10,SITE-05,DQ-03,terminology_mapping,11606,21,0.181
2026-06-10,SITE-05,DQ-04,referential_integrity,8527,28,0.328
2026-06-10,SITE-06,DQ-01,required_field_completeness,6915,43,0.622
2026-06-10,SITE-06,DQ-02,identifier_conformance,4704,28,0.595
2026-06-10,SITE-06,DQ-03,terminology_mapping,6076,31,0.51
2026-06-10,SITE-06,DQ-04,referential_integrity,13626,13,0.095
2026-06-11,SITE-01,DQ-01,required_field_completeness,8748,5,0.057
2026-06-11,SITE-01,DQ-02,identifier_conformance,10327,4,0.039
2026-06-11,SITE-01,DQ-03,terminology_mapping,11758,17,0.145
2026-06-11,SITE-01,DQ-04,referential_integrity,5792,36,0.622
2026-06-11,SITE-02,DQ-01,required_field_completeness,11936,36,0.302
2026-06-11,SITE-02,DQ-02,identifier_conformance,8145,17,0.209
2026-06-11,SITE-02,DQ-03,terminology_mapping,6307,37,0.587
2026-06-11,SITE-02,DQ-04,referential_integrity,11970,22,0.184
2026-06-11,SITE-03,DQ-01,required_field_completeness,6259,40,0.639
2026-06-11,SITE-03,DQ-02,identifier_conformance,7801,17,0.218
2026-06-11,SITE-03,DQ-03,terminology_mapping,9016,45,0.499
2026-06-11,SITE-03,DQ-04,referential_integrity,10384,16,0.154
2026-06-11,SITE-04,DQ-01,required_field_completeness,11094,6,0.054
2026-06-11,SITE-04,DQ-02,identifier_conformance,5437,34,0.625
2026-06-11,SITE-04,DQ-03,terminology_mapping,5066,16,0.316
2026-06-11,SITE-04,DQ-04,referential_integrity,6278,17,0.271
2026-06-11,SITE-05,DQ-01,required_field_completeness,10399,33,0.317
2026-06-11,SITE-05,DQ-02,identifier_conformance,14059,33,0.235
2026-06-11,SITE-05,DQ-03,terminology_mapping,9472,14,0.148
2026-06-11,SITE-05,DQ-04,referential_integrity,9544,6,0.063
2026-06-11,SITE-06,DQ-01,required_field_completeness,6384,16,0.251
2026-06-11,SITE-06,DQ-02,identifier_conformance,13437,40,0.298
2026-06-11,SITE-06,DQ-03,terminology_mapping,7560,10,0.132
2026-06-11,SITE-06,DQ-04,referential_integrity,4972,34,0.684
2026-06-12,SITE-01,DQ-01,required_field_completeness,13296,35,0.263
2026-06-12,SITE-01,DQ-02,identifier_conformance,13547,40,0.295
2026-06-12,SITE-01,DQ-03,terminology_mapping,10582,28,0.265
2026-06-12,SITE-01,DQ-04,referential_integrity,7372,43,0.583
2026-06-12,SITE-02,DQ-01,required_field_completeness,9633,28,0.291
2026-06-12,SITE-02,DQ-02,identifier_conformance,9498,9,0.095
2026-06-12,SITE-02,DQ-03,terminology_mapping,14104,18,0.128
2026-06-12,SITE-02,DQ-04,referential_integrity,9275,31,0.334
2026-06-12,SITE-03,DQ-01,required_field_completeness,9266,37,0.399
2026-06-12,SITE-03,DQ-02,identifier_conformance,7896,45,0.57
2026-06-12,SITE-03,DQ-03,terminology_mapping,6021,20,0.332
2026-06-12,SITE-03,DQ-04,referential_integrity,9825,45,0.458
2026-06-12,SITE-04,DQ-01,required_field_completeness,14029,4,0.029
2026-06-12,SITE-04,DQ-02,identifier_conformance,7616,26,0.341
2026-06-12,SITE-04,DQ-03,terminology_mapping,8667,38,0.438
2026-06-12,SITE-04,DQ-04,referential_integrity,5148,13,0.253
2026-06-12,SITE-05,DQ-01,required_field_completeness,8459,39,0.461
2026-06-12,SITE-05,DQ-02,identifier_conformance,9698,42,0.433
2026-06-12,SITE-05,DQ-03,terminology_mapping,5417,11,0.203
2026-06-12,SITE-05,DQ-04,referential_integrity,13956,35,0.251
2026-06-12,SITE-06,DQ-01,required_field_completeness,13815,7,0.051
2026-06-12,SITE-06,DQ-02,identifier_conformance,12251,18,0.147
2026-06-12,SITE-06,DQ-03,terminology_mapping,11522,16,0.139
2026-06-12,SITE-06,DQ-04,referential_integrity,5046,6,0.119
2026-06-13,SITE-01,DQ-01,required_field_completeness,9280,32,0.345
2026-06-13,SITE-01,DQ-02,identifier_conformance,6803,20,0.294
2026-06-13,SITE-01,DQ-03,terminology_mapping,10455,19,0.182
2026-06-13,SITE-01,DQ-04,referential_integrity,8505,32,0.376
2026-06-13,SITE-02,DQ-01,required_field_completeness,3994,15,0.376
2026-06-13,SITE-02,DQ-02,identifier_conformance,13965,38,0.272
2026-06-13,SITE-02,DQ-03,terminology_mapping,8843,33,0.373
2026-06-13,SITE-02,DQ-04,referential_integrity,6637,2,0.03
2026-06-13,SITE-03,DQ-01,required_field_completeness,5464,28,0.512
2026-06-13,SITE-03,DQ-02,identifier_conformance,4768,7,0.147
2026-06-13,SITE-03,DQ-03,terminology_mapping,13380,37,0.277
2026-06-13,SITE-03,DQ-04,referential_integrity,3747,17,0.454
2026-06-13,SITE-04,DQ-01,required_field_completeness,10926,31,0.284
2026-06-13,SITE-04,DQ-02,identifier_conformance,13308,33,0.248
2026-06-13,SITE-04,DQ-03,terminology_mapping,8732,22,0.252
2026-06-13,SITE-04,DQ-04,referential_integrity,4070,35,0.86
2026-06-13,SITE-05,DQ-01,required_field_completeness,10397,30,0.289
2026-06-13,SITE-05,DQ-02,identifier_conformance,9293,18,0.194
2026-06-13,SITE-05,DQ-03,terminology_mapping,5683,25,0.44
2026-06-13,SITE-05,DQ-04,referential_integrity,13693,45,0.329
2026-06-13,SITE-06,DQ-01,required_field_completeness,12910,9,0.07
2026-06-13,SITE-06,DQ-02,identifier_conformance,5563,23,0.413
2026-06-13,SITE-06,DQ-03,terminology_mapping,13813,7,0.051
2026-06-13,SITE-06,DQ-04,referential_integrity,6387,37,0.579
2026-06-14,SITE-01,DQ-01,required_field_completeness,14251,8,0.056
2026-06-14,SITE-01,DQ-02,identifier_conformance,11755,7,0.06
2026-06-14,SITE-01,DQ-03,terminology_mapping,6428,28,0.436
2026-06-14,SITE-01,DQ-04,referential_integrity,13607,12,0.088
2026-06-14,SITE-02,DQ-01,required_field_completeness,8401,22,0.262
2026-06-14,SITE-02,DQ-02,identifier_conformance,12969,20,0.154
2026-06-14,SITE-02,DQ-03,terminology_mapping,8327,7,0.084
2026-06-14,SITE-02,DQ-04,referential_integrity,10931,43,0.393
2026-06-14,SITE-03,DQ-01,required_field_completeness,4086,32,0.783
2026-06-14,SITE-03,DQ-02,identifier_conformance,5675,22,0.388
2026-06-14,SITE-03,DQ-03,terminology_mapping,14466,9,0.062
2026-06-14,SITE-03,DQ-04,referential_integrity,6088,35,0.575
2026-06-14,SITE-04,DQ-01,required_field_completeness,12184,28,0.23
2026-06-14,SITE-04,DQ-02,identifier_conformance,11945,40,0.335
2026-06-14,SITE-04,DQ-03,terminology_mapping,12834,30,0.234
2026-06-14,SITE-04,DQ-04,referential_integrity,5013,11,0.219
2026-06-14,SITE-05,DQ-01,required_field_completeness,4272,12,0.281
2026-06-14,SITE-05,DQ-02,identifier_conformance,8571,9,0.105
2026-06-14,SITE-05,DQ-03,terminology_mapping,10692,10,0.094
2026-06-14,SITE-05,DQ-04,referential_integrity,11124,12,0.108
2026-06-14,SITE-06,DQ-01,required_field_completeness,12747,38,0.298
2026-06-14,SITE-06,DQ-02,identifier_conformance,8078,42,0.52
2026-06-14,SITE-06,DQ-03,terminology_mapping,13491,23,0.17
2026-06-14,SITE-06,DQ-04,referential_integrity,5196,23,0.443
2026-06-15,SITE-01,DQ-01,required_field_completeness,10360,2,0.019
2026-06-15,SITE-01,DQ-02,identifier_conformance,11566,37,0.32
2026-06-15,SITE-01,DQ-03,terminology_mapping,9696,7,0.072
2026-06-15,SITE-01,DQ-04,referential_integrity,6967,6,0.086
2026-06-15,SITE-02,DQ-01,required_field_completeness,9201,19,0.206
2026-06-15,SITE-02,DQ-02,identifier_conformance,14117,44,0.312
2026-06-15,SITE-02,DQ-03,terminology_mapping,13180,44,0.334
2026-06-15,SITE-02,DQ-04,referential_integrity,6479,28,0.432
2026-06-15,SITE-03,DQ-01,required_field_completeness,8880,35,0.394
2026-06-15,SITE-03,DQ-02,identifier_conformance,14219,15,0.105
2026-06-15,SITE-03,DQ-03,terminology_mapping,10512,31,0.295
2026-06-15,SITE-03,DQ-04,referential_integrity,4182,18,0.43
2026-06-15,SITE-04,DQ-01,required_field_completeness,4474,45,1.006
2026-06-15,SITE-04,DQ-02,identifier_conformance,11131,8,0.072
2026-06-15,SITE-04,DQ-03,terminology_mapping,12475,10,0.08
2026-06-15,SITE-04,DQ-04,referential_integrity,13271,14,0.105
2026-06-15,SITE-05,DQ-01,required_field_completeness,12789,36,0.281
2026-06-15,SITE-05,DQ-02,identifier_conformance,12335,39,0.316
2026-06-15,SITE-05,DQ-03,terminology_mapping,11523,2,0.017
2026-06-15,SITE-05,DQ-04,referential_integrity,7000,43,0.614
2026-06-15,SITE-06,DQ-01,required_field_completeness,9723,42,0.432
2026-06-15,SITE-06,DQ-02,identifier_conformance,6102,32,0.524
2026-06-15,SITE-06,DQ-03,terminology_mapping,14317,30,0.21
2026-06-15,SITE-06,DQ-04,referential_integrity,6418,33,0.514
2026-06-16,SITE-01,DQ-01,required_field_completeness,13096,15,0.115
2026-06-16,SITE-01,DQ-02,identifier_conformance,14081,9,0.064
2026-06-16,SITE-01,DQ-03,terminology_mapping,9488,12,0.126
2026-06-16,SITE-01,DQ-04,referential_integrity,10505,16,0.152
2026-06-16,SITE-02,DQ-01,required_field_completeness,4988,2,0.04
2026-06-16,SITE-02,DQ-02,identifier_conformance,11262,10,0.089
2026-06-16,SITE-02,DQ-03,terminology_mapping,9276,7,0.075
2026-06-16,SITE-02,DQ-04,referential_integrity,7451,20,0.268
2026-06-16,SITE-03,DQ-01,required_field_completeness,14122,36,0.255
2026-06-16,SITE-03,DQ-02,identifier_conformance,9200,29,0.315
2026-06-16,SITE-03,DQ-03,terminology_mapping,10985,3,0.027
2026-06-16,SITE-03,DQ-04,referential_integrity,11165,25,0.224
2026-06-16,SITE-04,DQ-01,required_field_completeness,10956,34,0.31
2026-06-16,SITE-04,DQ-02,identifier_conformance,14727,22,0.149
2026-06-16,SITE-04,DQ-03,terminology_mapping,12787,11,0.086
2026-06-16,SITE-04,DQ-04,referential_integrity,6024,4,0.066
2026-06-16,SITE-05,DQ-01,required_field_completeness,12114,26,0.215
2026-06-16,SITE-05,DQ-02,identifier_conformance,12717,24,0.189
2026-06-16,SITE-05,DQ-03,terminology_mapping,4032,37,0.918
2026-06-16,SITE-05,DQ-04,referential_integrity,4802,29,0.604
2026-06-16,SITE-06,DQ-01,required_field_completeness,14455,16,0.111
2026-06-16,SITE-06,DQ-02,identifier_conformance,9246,3,0.032
2026-06-16,SITE-06,DQ-03,terminology_mapping,4839,22,0.455
2026-06-16,SITE-06,DQ-04,referential_integrity,7167,25,0.349
2026-06-17,SITE-01,DQ-01,required_field_completeness,5369,21,0.391
2026-06-17,SITE-01,DQ-02,identifier_conformance,5745,5,0.087
2026-06-17,SITE-01,DQ-03,terminology_mapping,13172,45,0.342
2026-06-17,SITE-01,DQ-04,referential_integrity,13632,26,0.191
2026-06-17,SITE-02,DQ-01,required_field_completeness,9012,13,0.144
2026-06-17,SITE-02,DQ-02,identifier_conformance,6519,8,0.123
2026-06-17,SITE-02,DQ-03,terminology_mapping,9090,2,0.022
2026-06-17,SITE-02,DQ-04,referential_integrity,10775,16,0.148
2026-06-17,SITE-03,DQ-01,required_field_completeness,6552,7,0.107
2026-06-17,SITE-03,DQ-02,identifier_conformance,6774,14,0.207
2026-06-17,SITE-03,DQ-03,terminology_mapping,9699,22,0.227
2026-06-17,SITE-03,DQ-04,referential_integrity,11201,7,0.062
2026-06-17,SITE-04,DQ-01,required_field_completeness,8462,4,0.047
2026-06-17,SITE-04,DQ-02,identifier_conformance,10904,33,0.303
2026-06-17,SITE-04,DQ-03,terminology_mapping,9317,7,0.075
2026-06-17,SITE-04,DQ-04,referential_integrity,11228,8,0.071
2026-06-17,SITE-05,DQ-01,required_field_completeness,7788,6,0.077
2026-06-17,SITE-05,DQ-02,identifier_conformance,8381,40,0.477
2026-06-17,SITE-05,DQ-03,terminology_mapping,9123,35,0.384
2026-06-17,SITE-05,DQ-04,referential_integrity,5061,12,0.237
2026-06-17,SITE-06,DQ-01,required_field_completeness,8891,14,0.157
2026-06-17,SITE-06,DQ-02,identifier_conformance,7162,9,0.126
2026-06-17,SITE-06,DQ-03,terminology_mapping,11019,21,0.191
2026-06-17,SITE-06,DQ-04,referential_integrity,10743,6,0.056
2026-06-18,SITE-01,DQ-01,required_field_completeness,13121,45,0.343
2026-06-18,SITE-01,DQ-02,identifier_conformance,8726,15,0.172
2026-06-18,SITE-01,DQ-03,terminology_mapping,4933,28,0.568
2026-06-18,SITE-01,DQ-04,referential_integrity,11853,4,0.034
2026-06-18,SITE-02,DQ-01,required_field_completeness,4329,20,0.462
2026-06-18,SITE-02,DQ-02,identifier_conformance,8180,20,0.244
2026-06-18,SITE-02,DQ-03,terminology_mapping,10361,27,0.261
2026-06-18,SITE-02,DQ-04,referential_integrity,4762,40,0.84
2026-06-18,SITE-03,DQ-01,required_field_completeness,10309,6,0.058
2026-06-18,SITE-03,DQ-02,identifier_conformance,10247,17,0.166
2026-06-18,SITE-03,DQ-03,terminology_mapping,10114,40,0.395
2026-06-18,SITE-03,DQ-04,referential_integrity,9077,30,0.331
2026-06-18,SITE-04,DQ-01,required_field_completeness,7226,33,0.457
2026-06-18,SITE-04,DQ-02,identifier_conformance,4532,5,0.11
2026-06-18,SITE-04,DQ-03,terminology_mapping,8535,28,0.328
2026-06-18,SITE-04,DQ-04,referential_integrity,7930,36,0.454
2026-06-18,SITE-05,DQ-01,required_field_completeness,8283,27,0.326
2026-06-18,SITE-05,DQ-02,identifier_conformance,12757,36,0.282
2026-06-18,SITE-05,DQ-03,terminology_mapping,8266,25,0.302
2026-06-18,SITE-05,DQ-04,referential_integrity,3775,31,0.821
2026-06-18,SITE-06,DQ-01,required_field_completeness,14549,4,0.027
2026-06-18,SITE-06,DQ-02,identifier_conformance,9000,39,0.433
2026-06-18,SITE-06,DQ-03,terminology_mapping,11551,26,0.225
2026-06-18,SITE-06,DQ-04,referential_integrity,5019,19,0.379
2026-06-19,SITE-01,DQ-01,required_field_completeness,13700,5,0.036
2026-06-19,SITE-01,DQ-02,identifier_conformance,3623,20,0.552
2026-06-19,SITE-01,DQ-03,terminology_mapping,8382,12,0.143
2026-06-19,SITE-01,DQ-04,referential_integrity,5382,17,0.316
2026-06-19,SITE-02,DQ-01,required_field_completeness,3983,32,0.803
2026-06-19,SITE-02,DQ-02,identifier_conformance,13249,3,0.023
2026-06-19,SITE-02,DQ-03,terminology_mapping,3967,25,0.63
2026-06-19,SITE-02,DQ-04,referential_integrity,3623,30,0.828
2026-06-19,SITE-03,DQ-01,required_field_completeness,12281,35,0.285
2026-06-19,SITE-03,DQ-02,identifier_conformance,6162,3,0.049
2026-06-19,SITE-03,DQ-03,terminology_mapping,10367,8,0.077
2026-06-19,SITE-03,DQ-04,referential_integrity,10083,37,0.367
2026-06-19,SITE-04,DQ-01,required_field_completeness,14208,33,0.232
2026-06-19,SITE-04,DQ-02,identifier_conformance,5090,24,0.472
2026-06-19,SITE-04,DQ-03,terminology_mapping,9827,19,0.193
2026-06-19,SITE-04,DQ-04,referential_integrity,11743,26,0.221
2026-06-19,SITE-05,DQ-01,required_field_completeness,14928,11,0.074
2026-06-19,SITE-05,DQ-02,identifier_conformance,14541,21,0.144
2026-06-19,SITE-05,DQ-03,terminology_mapping,11062,36,0.325
2026-06-19,SITE-05,DQ-04,referential_integrity,12986,35,0.27
2026-06-19,SITE-06,DQ-01,required_field_completeness,11951,5,0.042
2026-06-19,SITE-06,DQ-02,identifier_conformance,13596,36,0.265
2026-06-19,SITE-06,DQ-03,terminology_mapping,13303,37,0.278
2026-06-19,SITE-06,DQ-04,referential_integrity,4312,40,0.928
2026-06-20,SITE-01,DQ-01,required_field_completeness,11283,10,0.089
2026-06-20,SITE-01,DQ-02,identifier_conformance,9650,2,0.021
2026-06-20,SITE-01,DQ-03,terminology_mapping,13017,12,0.092
2026-06-20,SITE-01,DQ-04,referential_integrity,12724,19,0.149
2026-06-20,SITE-02,DQ-01,required_field_completeness,5864,33,0.563
2026-06-20,SITE-02,DQ-02,identifier_conformance,5342,42,0.786
2026-06-20,SITE-02,DQ-03,terminology_mapping,8530,29,0.34
2026-06-20,SITE-02,DQ-04,referential_integrity,3615,23,0.636
2026-06-20,SITE-03,DQ-01,required_field_completeness,7180,26,0.362
2026-06-20,SITE-03,DQ-02,identifier_conformance,14850,19,0.128
2026-06-20,SITE-03,DQ-03,terminology_mapping,4826,28,0.58
2026-06-20,SITE-03,DQ-04,referential_integrity,11063,5,0.045
2026-06-20,SITE-04,DQ-01,required_field_completeness,13142,35,0.266
2026-06-20,SITE-04,DQ-02,identifier_conformance,4761,4,0.084
2026-06-20,SITE-04,DQ-03,terminology_mapping,10743,32,0.298
2026-06-20,SITE-04,DQ-04,referential_integrity,7574,23,0.304
2026-06-20,SITE-05,DQ-01,required_field_completeness,6297,8,0.127
2026-06-20,SITE-05,DQ-02,identifier_conformance,12999,26,0.2
2026-06-20,SITE-05,DQ-03,terminology_mapping,11077,9,0.081
2026-06-20,SITE-05,DQ-04,referential_integrity,10801,10,0.093
2026-06-20,SITE-06,DQ-01,required_field_completeness,7979,37,0.464
2026-06-20,SITE-06,DQ-02,identifier_conformance,14514,34,0.234
2026-06-20,SITE-06,DQ-03,terminology_mapping,5298,13,0.245
2026-06-20,SITE-06,DQ-04,referential_integrity,8964,26,0.29
2026-06-21,SITE-01,DQ-01,required_field_completeness,10222,34,0.333
2026-06-21,SITE-01,DQ-02,identifier_conformance,11246,35,0.311
2026-06-21,SITE-01,DQ-03,terminology_mapping,10630,10,0.094
2026-06-21,SITE-01,DQ-04,referential_integrity,13265,21,0.158
2026-06-21,SITE-02,DQ-01,required_field_completeness,3811,35,0.918
2026-06-21,SITE-02,DQ-02,identifier_conformance,7241,17,0.235
2026-06-21,SITE-02,DQ-03,terminology_mapping,6744,31,0.46
2026-06-21,SITE-02,DQ-04,referential_integrity,14040,32,0.228
2026-06-21,SITE-03,DQ-01,required_field_completeness,13433,24,0.179
2026-06-21,SITE-03,DQ-02,identifier_conformance,14255,20,0.14
2026-06-21,SITE-03,DQ-03,terminology_mapping,8617,43,0.499
2026-06-21,SITE-03,DQ-04,referential_integrity,3817,10,0.262
2026-06-21,SITE-04,DQ-01,required_field_completeness,4987,15,0.301
2026-06-21,SITE-04,DQ-02,identifier_conformance,4183,44,1.052
2026-06-21,SITE-04,DQ-03,terminology_mapping,7382,8,0.108
2026-06-21,SITE-04,DQ-04,referential_integrity,7471,9,0.12
2026-06-21,SITE-05,DQ-01,required_field_completeness,4828,18,0.373
2026-06-21,SITE-05,DQ-02,identifier_conformance,12479,8,0.064
2026-06-21,SITE-05,DQ-03,terminology_mapping,10782,19,0.176
2026-06-21,SITE-05,DQ-04,referential_integrity,13011,32,0.246
2026-06-21,SITE-06,DQ-01,required_field_completeness,5597,24,0.429
2026-06-21,SITE-06,DQ-02,identifier_conformance,11844,19,0.16
2026-06-21,SITE-06,DQ-03,terminology_mapping,12103,40,0.33
2026-06-21,SITE-06,DQ-04,referential_integrity,14350,22,0.153
2026-06-22,SITE-01,DQ-01,required_field_completeness,13974,10,0.072
2026-06-22,SITE-01,DQ-02,identifier_conformance,5904,18,0.305
2026-06-22,SITE-01,DQ-03,terminology_mapping,6963,13,0.187
2026-06-22,SITE-01,DQ-04,referential_integrity,7207,9,0.125
2026-06-22,SITE-02,DQ-01,required_field_completeness,4111,28,0.681
2026-06-22,SITE-02,DQ-02,identifier_conformance,14241,23,0.162
2026-06-22,SITE-02,DQ-03,terminology_mapping,12784,45,0.352
2026-06-22,SITE-02,DQ-04,referential_integrity,4716,5,0.106
2026-06-22,SITE-03,DQ-01,required_field_completeness,4212,27,0.641
2026-06-22,SITE-03,DQ-02,identifier_conformance,4504,34,0.755
2026-06-22,SITE-03,DQ-03,terminology_mapping,11494,5,0.044
2026-06-22,SITE-03,DQ-04,referential_integrity,13083,45,0.344
2026-06-22,SITE-04,DQ-01,required_field_completeness,10822,45,0.416
2026-06-22,SITE-04,DQ-02,identifier_conformance,6766,44,0.65
2026-06-22,SITE-04,DQ-03,terminology_mapping,8695,29,0.334
2026-06-22,SITE-04,DQ-04,referential_integrity,9522,5,0.053
2026-06-22,SITE-05,DQ-01,required_field_completeness,13977,6,0.043
2026-06-22,SITE-05,DQ-02,identifier_conformance,9705,27,0.278
2026-06-22,SITE-05,DQ-03,terminology_mapping,11073,15,0.135
2026-06-22,SITE-05,DQ-04,referential_integrity,5957,30,0.504
2026-06-22,SITE-06,DQ-01,required_field_completeness,10745,45,0.419
2026-06-22,SITE-06,DQ-02,identifier_conformance,12481,8,0.064
2026-06-22,SITE-06,DQ-03,terminology_mapping,6060,2,0.033
2026-06-22,SITE-06,DQ-04,referential_integrity,10017,17,0.17
2026-06-23,SITE-01,DQ-01,required_field_completeness,7215,10,0.139
2026-06-23,SITE-01,DQ-02,identifier_conformance,7128,28,0.393
2026-06-23,SITE-01,DQ-03,terminology_mapping,14889,39,0.262
2026-06-23,SITE-01,DQ-04,referential_integrity,5694,45,0.79
2026-06-23,SITE-02,DQ-01,required_field_completeness,3839,44,1.146
2026-06-23,SITE-02,DQ-02,identifier_conformance,13476,13,0.096
2026-06-23,SITE-02,DQ-03,terminology_mapping,8524,41,0.481
2026-06-23,SITE-02,DQ-04,referential_integrity,6368,24,0.377
2026-06-23,SITE-03,DQ-01,required_field_completeness,4863,23,0.473
2026-06-23,SITE-03,DQ-02,identifier_conformance,13974,6,0.043
2026-06-23,SITE-03,DQ-03,terminology_mapping,9215,44,0.477
2026-06-23,SITE-03,DQ-04,referential_integrity,4385,45,1.026
2026-06-23,SITE-04,DQ-01,required_field_completeness,12503,5,0.04
2026-06-23,SITE-04,DQ-02,identifier_conformance,14442,31,0.215
2026-06-23,SITE-04,DQ-03,terminology_mapping,13432,33,0.246
2026-06-23,SITE-04,DQ-04,referential_integrity,4706,31,0.659
2026-06-23,SITE-05,DQ-01,required_field_completeness,11030,2,0.018
2026-06-23,SITE-05,DQ-02,identifier_conformance,13351,41,0.307
2026-06-23,SITE-05,DQ-03,terminology_mapping,13361,42,0.314
2026-06-23,SITE-05,DQ-04,referential_integrity,6284,41,0.652
2026-06-23,SITE-06,DQ-01,required_field_completeness,9495,25,0.263
2026-06-23,SITE-06,DQ-02,identifier_conformance,4521,2,0.044
2026-06-23,SITE-06,DQ-03,terminology_mapping,14067,22,0.156
2026-06-23,SITE-06,DQ-04,referential_integrity,13735,33,0.24
2026-06-24,SITE-01,DQ-01,required_field_completeness,11443,39,0.341
2026-06-24,SITE-01,DQ-02,identifier_conformance,6742,4,0.059
2026-06-24,SITE-01,DQ-03,terminology_mapping,13331,15,0.113
2026-06-24,SITE-01,DQ-04,referential_integrity,11074,42,0.379
2026-06-24,SITE-02,DQ-01,required_field_completeness,10000,2,0.02
2026-06-24,SITE-02,DQ-02,identifier_conformance,12579,22,0.175
2026-06-24,SITE-02,DQ-03,terminology_mapping,9255,5,0.054
2026-06-24,SITE-02,DQ-04,referential_integrity,12836,27,0.21
2026-06-24,SITE-03,DQ-01,required_field_completeness,8682,19,0.219
2026-06-24,SITE-03,DQ-02,identifier_conformance,4558,8,0.176
2026-06-24,SITE-03,DQ-03,terminology_mapping,12933,21,0.162
2026-06-24,SITE-03,DQ-04,referential_integrity,9971,9,0.09
2026-06-24,SITE-04,DQ-01,required_field_completeness,5002,40,0.8
2026-06-24,SITE-04,DQ-02,identifier_conformance,11852,29,0.245
2026-06-24,SITE-04,DQ-03,terminology_mapping,9347,4,0.043
2026-06-24,SITE-04,DQ-04,referential_integrity,9061,41,0.452
2026-06-24,SITE-05,DQ-01,required_field_completeness,14701,14,0.095
2026-06-24,SITE-05,DQ-02,identifier_conformance,12945,35,0.27
2026-06-24,SITE-05,DQ-03,terminology_mapping,8429,16,0.19
2026-06-24,SITE-05,DQ-04,referential_integrity,8815,2,0.023
2026-06-24,SITE-06,DQ-01,required_field_completeness,12076,21,0.174
2026-06-24,SITE-06,DQ-02,identifier_conformance,10325,20,0.194
2026-06-24,SITE-06,DQ-03,terminology_mapping,9053,33,0.365
2026-06-24,SITE-06,DQ-04,referential_integrity,12084,41,0.339
2026-06-25,SITE-01,DQ-01,required_field_completeness,7858,36,0.458
2026-06-25,SITE-01,DQ-02,identifier_conformance,9362,6,0.064
2026-06-25,SITE-01,DQ-03,terminology_mapping,10186,24,0.236
2026-06-25,SITE-01,DQ-04,referential_integrity,8162,40,0.49
2026-06-25,SITE-02,DQ-01,required_field_completeness,5684,21,0.369
2026-06-25,SITE-02,DQ-02,identifier_conformance,9684,5,0.052
2026-06-25,SITE-02,DQ-03,terminology_mapping,9179,10,0.109
2026-06-25,SITE-02,DQ-04,referential_integrity,7559,8,0.106
2026-06-25,SITE-03,DQ-01,required_field_completeness,12261,41,0.334
2026-06-25,SITE-03,DQ-02,identifier_conformance,6085,38,0.624
2026-06-25,SITE-03,DQ-03,terminology_mapping,5278,41,0.777
2026-06-25,SITE-03,DQ-04,referential_integrity,10680,40,0.375
2026-06-25,SITE-04,DQ-01,required_field_completeness,11094,10,0.09
2026-06-25,SITE-04,DQ-02,identifier_conformance,9778,22,0.225
2026-06-25,SITE-04,DQ-03,terminology_mapping,11862,19,0.16
2026-06-25,SITE-04,DQ-04,referential_integrity,4472,30,0.671
2026-06-25,SITE-05,DQ-01,required_field_completeness,9804,6,0.061
2026-06-25,SITE-05,DQ-02,identifier_conformance,14463,3,0.021
2026-06-25,SITE-05,DQ-03,terminology_mapping,7754,8,0.103
2026-06-25,SITE-05,DQ-04,referential_integrity,7073,12,0.17
2026-06-25,SITE-06,DQ-01,required_field_completeness,8456,31,0.367
2026-06-25,SITE-06,DQ-02,identifier_conformance,13447,29,0.216
2026-06-25,SITE-06,DQ-03,terminology_mapping,8739,44,0.503
2026-06-25,SITE-06,DQ-04,referential_integrity,12709,15,0.118
2026-06-26,SITE-01,DQ-01,required_field_completeness,7647,24,0.314
2026-06-26,SITE-01,DQ-02,identifier_conformance,4970,40,0.805
2026-06-26,SITE-01,DQ-03,terminology_mapping,13031,6,0.046
2026-06-26,SITE-01,DQ-04,referential_integrity,11401,8,0.07
2026-06-26,SITE-02,DQ-01,required_field_completeness,11897,10,0.084
2026-06-26,SITE-02,DQ-02,identifier_conformance,7165,35,0.488
2026-06-26,SITE-02,DQ-03,terminology_mapping,13081,2,0.015
2026-06-26,SITE-02,DQ-04,referential_integrity,5651,5,0.088
2026-06-26,SITE-03,DQ-01,required_field_completeness,11630,30,0.258
2026-06-26,SITE-03,DQ-02,identifier_conformance,11615,3,0.026
2026-06-26,SITE-03,DQ-03,terminology_mapping,10851,19,0.175
2026-06-26,SITE-03,DQ-04,referential_integrity,4140,43,1.039
2026-06-26,SITE-04,DQ-01,required_field_completeness,12119,2,0.017
2026-06-26,SITE-04,DQ-02,identifier_conformance,11158,45,0.403
2026-06-26,SITE-04,DQ-03,terminology_mapping,5409,23,0.425
2026-06-26,SITE-04,DQ-04,referential_integrity,6389,28,0.438
2026-06-26,SITE-05,DQ-01,required_field_completeness,8894,39,0.438
2026-06-26,SITE-05,DQ-02,identifier_conformance,5564,28,0.503
2026-06-26,SITE-05,DQ-03,terminology_mapping,11945,35,0.293
2026-06-26,SITE-05,DQ-04,referential_integrity,8016,20,0.25
2026-06-26,SITE-06,DQ-01,required_field_completeness,14774,20,0.135
2026-06-26,SITE-06,DQ-02,identifier_conformance,9226,7,0.076
2026-06-26,SITE-06,DQ-03,terminology_mapping,9983,25,0.25
2026-06-26,SITE-06,DQ-04,referential_integrity,6856,14,0.204
2026-06-27,SITE-01,DQ-01,required_field_completeness,3522,8,0.227
2026-06-27,SITE-01,DQ-02,identifier_conformance,4992,39,0.781
2026-06-27,SITE-01,DQ-03,terminology_mapping,11489,5,0.044
2026-06-27,SITE-01,DQ-04,referential_integrity,11241,12,0.107
2026-06-27,SITE-02,DQ-01,required_field_completeness,4306,41,0.952
2026-06-27,SITE-02,DQ-02,identifier_conformance,8973,41,0.457
2026-06-27,SITE-02,DQ-03,terminology_mapping,9885,20,0.202
2026-06-27,SITE-02,DQ-04,referential_integrity,7951,16,0.201
2026-06-27,SITE-03,DQ-01,required_field_completeness,4884,16,0.328
2026-06-27,SITE-03,DQ-02,identifier_conformance,3796,11,0.29
2026-06-27,SITE-03,DQ-03,terminology_mapping,3968,12,0.302
2026-06-27,SITE-03,DQ-04,referential_integrity,11589,39,0.337
2026-06-27,SITE-04,DQ-01,required_field_completeness,10380,28,0.27
2026-06-27,SITE-04,DQ-02,identifier_conformance,9529,37,0.388
2026-06-27,SITE-04,DQ-03,terminology_mapping,8640,21,0.243
2026-06-27,SITE-04,DQ-04,referential_integrity,6588,36,0.546
2026-06-27,SITE-05,DQ-01,required_field_completeness,10552,8,0.076
2026-06-27,SITE-05,DQ-02,identifier_conformance,11091,3,0.027
2026-06-27,SITE-05,DQ-03,terminology_mapping,9325,40,0.429
2026-06-27,SITE-05,DQ-04,referential_integrity,13650,34,0.249
2026-06-27,SITE-06,DQ-01,required_field_completeness,4324,17,0.393
2026-06-27,SITE-06,DQ-02,identifier_conformance,5560,16,0.288
2026-06-27,SITE-06,DQ-03,terminology_mapping,8781,45,0.512
2026-06-27,SITE-06,DQ-04,referential_integrity,6822,17,0.249
2026-06-28,SITE-01,DQ-01,required_field_completeness,8340,11,0.132
2026-06-28,SITE-01,DQ-02,identifier_conformance,11744,33,0.281
2026-06-28,SITE-01,DQ-03,terminology_mapping,5251,15,0.286
2026-06-28,SITE-01,DQ-04,referential_integrity,12365,33,0.267
2026-06-28,SITE-02,DQ-01,required_field_completeness,4341,25,0.576
2026-06-28,SITE-02,DQ-02,identifier_conformance,7041,6,0.085
2026-06-28,SITE-02,DQ-03,terminology_mapping,6294,20,0.318
2026-06-28,SITE-02,DQ-04,referential_integrity,14683,4,0.027
2026-06-28,SITE-03,DQ-01,required_field_completeness,3540,24,0.678
2026-06-28,SITE-03,DQ-02,identifier_conformance,4847,24,0.495
2026-06-28,SITE-03,DQ-03,terminology_mapping,4259,15,0.352
2026-06-28,SITE-03,DQ-04,referential_integrity,10600,17,0.16
2026-06-28,SITE-04,DQ-01,required_field_completeness,13594,409,3.009
2026-06-28,SITE-04,DQ-02,identifier_conformance,5080,24,0.472
2026-06-28,SITE-04,DQ-03,terminology_mapping,12255,299,2.44
2026-06-28,SITE-04,DQ-04,referential_integrity,5551,30,0.54
2026-06-28,SITE-05,DQ-01,required_field_completeness,5127,18,0.351
2026-06-28,SITE-05,DQ-02,identifier_conformance,10712,9,0.084
2026-06-28,SITE-05,DQ-03,terminology_mapping,7498,38,0.507
2026-06-28,SITE-05,DQ-04,referential_integrity,9942,18,0.181
2026-06-28,SITE-06,DQ-01,required_field_completeness,3559,36,1.012
2026-06-28,SITE-06,DQ-02,identifier_conformance,12577,26,0.207
2026-06-28,SITE-06,DQ-03,terminology_mapping,12291,17,0.138
2026-06-28,SITE-06,DQ-04,referential_integrity,10855,11,0.101
2026-06-29,SITE-01,DQ-01,required_field_completeness,14878,33,0.222
2026-06-29,SITE-01,DQ-02,identifier_conformance,7162,14,0.195
2026-06-29,SITE-01,DQ-03,terminology_mapping,5545,32,0.577
2026-06-29,SITE-01,DQ-04,referential_integrity,8110,16,0.197
2026-06-29,SITE-02,DQ-01,required_field_completeness,12564,7,0.056
2026-06-29,SITE-02,DQ-02,identifier_conformance,11844,24,0.203
2026-06-29,SITE-02,DQ-03,terminology_mapping,10326,5,0.048
2026-06-29,SITE-02,DQ-04,referential_integrity,12164,9,0.074
2026-06-29,SITE-03,DQ-01,required_field_completeness,4343,42,0.967
2026-06-29,SITE-03,DQ-02,identifier_conformance,11080,26,0.235
2026-06-29,SITE-03,DQ-03,terminology_mapping,7370,12,0.163
2026-06-29,SITE-03,DQ-04,referential_integrity,4527,30,0.663
2026-06-29,SITE-04,DQ-01,required_field_completeness,12695,267,2.103
2026-06-29,SITE-04,DQ-02,identifier_conformance,7469,10,0.134
2026-06-29,SITE-04,DQ-03,terminology_mapping,11214,434,3.87
2026-06-29,SITE-04,DQ-04,referential_integrity,13430,32,0.238
2026-06-29,SITE-05,DQ-01,required_field_completeness,10320,9,0.087
2026-06-29,SITE-05,DQ-02,identifier_conformance,14026,2,0.014
2026-06-29,SITE-05,DQ-03,terminology_mapping,5742,20,0.348
2026-06-29,SITE-05,DQ-04,referential_integrity,5689,3,0.053
2026-06-29,SITE-06,DQ-01,required_field_completeness,13229,18,0.136
2026-06-29,SITE-06,DQ-02,identifier_conformance,14043,40,0.285
2026-06-29,SITE-06,DQ-03,terminology_mapping,5747,39,0.679
2026-06-29,SITE-06,DQ-04,referential_integrity,8481,30,0.354
2026-06-30,SITE-01,DQ-01,required_field_completeness,5857,27,0.461
2026-06-30,SITE-01,DQ-02,identifier_conformance,11547,35,0.303
2026-06-30,SITE-01,DQ-03,terminology_mapping,3964,42,1.06
2026-06-30,SITE-01,DQ-04,referential_integrity,6114,45,0.736
2026-06-30,SITE-02,DQ-01,required_field_completeness,14359,33,0.23
2026-06-30,SITE-02,DQ-02,identifier_conformance,6565,33,0.503
2026-06-30,SITE-02,DQ-03,terminology_mapping,7038,22,0.313
2026-06-30,SITE-02,DQ-04,referential_integrity,9158,14,0.153
2026-06-30,SITE-03,DQ-01,required_field_completeness,4422,30,0.678
2026-06-30,SITE-03,DQ-02,identifier_conformance,11014,32,0.291
2026-06-30,SITE-03,DQ-03,terminology_mapping,10696,10,0.093
2026-06-30,SITE-03,DQ-04,referential_integrity,8243,19,0.23
2026-06-30,SITE-04,DQ-01,required_field_completeness,10563,657,6.22
2026-06-30,SITE-04,DQ-02,identifier_conformance,6653,19,0.286
2026-06-30,SITE-04,DQ-03,terminology_mapping,8457,573,6.775
2026-06-30,SITE-04,DQ-04,referential_integrity,4541,45,0.991
2026-06-30,SITE-05,DQ-01,required_field_completeness,12840,34,0.265
2026-06-30,SITE-05,DQ-02,identifier_conformance,13653,11,0.081
2026-06-30,SITE-05,DQ-03,terminology_mapping,12594,38,0.302
2026-06-30,SITE-05,DQ-04,referential_integrity,12266,6,0.049
2026-06-30,SITE-06,DQ-01,required_field_completeness,9503,31,0.326
2026-06-30,SITE-06,DQ-02,identifier_conformance,4812,28,0.582
2026-06-30,SITE-06,DQ-03,terminology_mapping,11363,15,0.132
2026-06-30,SITE-06,DQ-04,referential_integrity,4895,26,0.531
2026-07-01,SITE-01,DQ-01,required_field_completeness,10993,34,0.309
2026-07-01,SITE-01,DQ-02,identifier_conformance,10726,5,0.047
2026-07-01,SITE-01,DQ-03,terminology_mapping,5503,38,0.691
2026-07-01,SITE-01,DQ-04,referential_integrity,13684,28,0.205
2026-07-01,SITE-02,DQ-01,required_field_completeness,5878,45,0.766
2026-07-01,SITE-02,DQ-02,identifier_conformance,11012,6,0.054
2026-07-01,SITE-02,DQ-03,terminology_mapping,5749,9,0.157
2026-07-01,SITE-02,DQ-04,referential_integrity,11834,7,0.059
2026-07-01,SITE-03,DQ-01,required_field_completeness,14216,29,0.204
2026-07-01,SITE-03,DQ-02,identifier_conformance,5277,10,0.19
2026-07-01,SITE-03,DQ-03,terminology_mapping,5229,6,0.115
2026-07-01,SITE-03,DQ-04,referential_integrity,13493,6,0.044
2026-07-01,SITE-04,DQ-01,required_field_completeness,10794,635,5.883
2026-07-01,SITE-04,DQ-02,identifier_conformance,6115,19,0.311
2026-07-01,SITE-04,DQ-03,terminology_mapping,13577,619,4.559
2026-07-01,SITE-04,DQ-04,referential_integrity,12855,42,0.327
2026-07-01,SITE-05,DQ-01,required_field_completeness,12428,5,0.04
2026-07-01,SITE-05,DQ-02,identifier_conformance,3868,14,0.362
2026-07-01,SITE-05,DQ-03,terminology_mapping,9188,29,0.316
2026-07-01,SITE-05,DQ-04,referential_integrity,5071,10,0.197
2026-07-01,SITE-06,DQ-01,required_field_completeness,13185,6,0.046
2026-07-01,SITE-06,DQ-02,identifier_conformance,7751,12,0.155
2026-07-01,SITE-06,DQ-03,terminology_mapping,4262,15,0.352
2026-07-01,SITE-06,DQ-04,referential_integrity,12655,24,0.19
2026-07-02,SITE-01,DQ-01,required_field_completeness,10202,34,0.333
2026-07-02,SITE-01,DQ-02,identifier_conformance,6884,32,0.465
2026-07-02,SITE-01,DQ-03,terminology_mapping,6855,15,0.219
2026-07-02,SITE-01,DQ-04,referential_integrity,3759,28,0.745
2026-07-02,SITE-02,DQ-01,required_field_completeness,3969,7,0.176
2026-07-02,SITE-02,DQ-02,identifier_conformance,10063,11,0.109
2026-07-02,SITE-02,DQ-03,terminology_mapping,14098,2,0.014
2026-07-02,SITE-02,DQ-04,referential_integrity,9250,38,0.411
2026-07-02,SITE-03,DQ-01,required_field_completeness,9131,17,0.186
2026-07-02,SITE-03,DQ-02,identifier_conformance,6544,41,0.627
2026-07-02,SITE-03,DQ-03,terminology_mapping,6780,35,0.516
2026-07-02,SITE-03,DQ-04,referential_integrity,8087,40,0.495
2026-07-02,SITE-04,DQ-01,required_field_completeness,12702,20,0.157
2026-07-02,SITE-04,DQ-02,identifier_conformance,7804,14,0.179
2026-07-02,SITE-04,DQ-03,terminology_mapping,7729,45,0.582
2026-07-02,SITE-04,DQ-04,referential_integrity,6965,37,0.531
2026-07-02,SITE-05,DQ-01,required_field_completeness,9164,12,0.131
2026-07-02,SITE-05,DQ-02,identifier_conformance,12619,39,0.309
2026-07-02,SITE-05,DQ-03,terminology_mapping,3932,18,0.458
2026-07-02,SITE-05,DQ-04,referential_integrity,14098,4,0.028
2026-07-02,SITE-06,DQ-01,required_field_completeness,8587,9,0.105
2026-07-02,SITE-06,DQ-02,identifier_conformance,4150,39,0.94
2026-07-02,SITE-06,DQ-03,terminology_mapping,13501,17,0.126
2026-07-02,SITE-06,DQ-04,referential_integrity,7463,6,0.08
2026-07-03,SITE-01,DQ-01,required_field_completeness,5139,14,0.272
2026-07-03,SITE-01,DQ-02,identifier_conformance,14509,11,0.076
2026-07-03,SITE-01,DQ-03,terminology_mapping,11160,19,0.17
2026-07-03,SITE-01,DQ-04,referential_integrity,6598,25,0.379
2026-07-03,SITE-02,DQ-01,required_field_completeness,3517,42,1.194
2026-07-03,SITE-02,DQ-02,identifier_conformance,6332,40,0.632
2026-07-03,SITE-02,DQ-03,terminology_mapping,13013,17,0.131
2026-07-03,SITE-02,DQ-04,referential_integrity,13699,16,0.117
2026-07-03,SITE-03,DQ-01,required_field_completeness,13038,41,0.314
2026-07-03,SITE-03,DQ-02,identifier_conformance,8805,8,0.091
2026-07-03,SITE-03,DQ-03,terminology_mapping,9713,40,0.412
2026-07-03,SITE-03,DQ-04,referential_integrity,12835,20,0.156
2026-07-03,SITE-04,DQ-01,required_field_completeness,7548,43,0.57
2026-07-03,SITE-04,DQ-02,identifier_conformance,9931,12,0.121
2026-07-03,SITE-04,DQ-03,terminology_mapping,7187,44,0.612
2026-07-03,SITE-04,DQ-04,referential_integrity,3954,17,0.43
2026-07-03,SITE-05,DQ-01,required_field_completeness,9511,9,0.095
2026-07-03,SITE-05,DQ-02,identifier_conformance,10612,10,0.094
2026-07-03,SITE-05,DQ-03,terminology_mapping,12462,20,0.16
2026-07-03,SITE-05,DQ-04,referential_integrity,11985,40,0.334
2026-07-03,SITE-06,DQ-01,required_field_completeness,12560,4,0.032
2026-07-03,SITE-06,DQ-02,identifier_conformance,14610,12,0.082
2026-07-03,SITE-06,DQ-03,terminology_mapping,12637,37,0.293
2026-07-03,SITE-06,DQ-04,referential_integrity,13267,17,0.128
2026-07-04,SITE-01,DQ-01,required_field_completeness,8298,9,0.108
2026-07-04,SITE-01,DQ-02,identifier_conformance,12928,30,0.232
2026-07-04,SITE-01,DQ-03,terminology_mapping,8615,8,0.093
2026-07-04,SITE-01,DQ-04,referential_integrity,8303,3,0.036
2026-07-04,SITE-02,DQ-01,required_field_completeness,12916,27,0.209
2026-07-04,SITE-02,DQ-02,identifier_conformance,11992,31,0.259
2026-07-04,SITE-02,DQ-03,terminology_mapping,11220,13,0.116
2026-07-04,SITE-02,DQ-04,referential_integrity,13518,7,0.052
2026-07-04,SITE-03,DQ-01,required_field_completeness,14869,16,0.108
2026-07-04,SITE-03,DQ-02,identifier_conformance,14679,19,0.129
2026-07-04,SITE-03,DQ-03,terminology_mapping,6827,2,0.029
2026-07-04,SITE-03,DQ-04,referential_integrity,6668,44,0.66
2026-07-04,SITE-04,DQ-01,required_field_completeness,4806,13,0.27
2026-07-04,SITE-04,DQ-02,identifier_conformance,12077,13,0.108
2026-07-04,SITE-04,DQ-03,terminology_mapping,13087,43,0.329
2026-07-04,SITE-04,DQ-04,referential_integrity,14714,40,0.272
2026-07-04,SITE-05,DQ-01,required_field_completeness,13734,32,0.233
2026-07-04,SITE-05,DQ-02,identifier_conformance,11219,41,0.365
2026-07-04,SITE-05,DQ-03,terminology_mapping,5807,20,0.344
2026-07-04,SITE-05,DQ-04,referential_integrity,11801,31,0.263
2026-07-04,SITE-06,DQ-01,required_field_completeness,12101,35,0.289
2026-07-04,SITE-06,DQ-02,identifier_conformance,7028,19,0.27
2026-07-04,SITE-06,DQ-03,terminology_mapping,5144,39,0.758
2026-07-04,SITE-06,DQ-04,referential_integrity,8406,41,0.488
2026-07-05,SITE-01,DQ-01,required_field_completeness,7911,37,0.468
2026-07-05,SITE-01,DQ-02,identifier_conformance,6916,20,0.289
2026-07-05,SITE-01,DQ-03,terminology_mapping,8550,25,0.292
2026-07-05,SITE-01,DQ-04,referential_integrity,10584,33,0.312
2026-07-05,SITE-02,DQ-01,required_field_completeness,12497,13,0.104
2026-07-05,SITE-02,DQ-02,identifier_conformance,9333,11,0.118
2026-07-05,SITE-02,DQ-03,terminology_mapping,11757,33,0.281
2026-07-05,SITE-02,DQ-04,referential_integrity,11997,23,0.192
2026-07-05,SITE-03,DQ-01,required_field_completeness,13678,12,0.088
2026-07-05,SITE-03,DQ-02,identifier_conformance,9801,30,0.306
2026-07-05,SITE-03,DQ-03,terminology_mapping,4924,9,0.183
2026-07-05,SITE-03,DQ-04,referential_integrity,3784,22,0.581
2026-07-05,SITE-04,DQ-01,required_field_completeness,13187,41,0.311
2026-07-05,SITE-04,DQ-02,identifier_conformance,7265,29,0.399
2026-07-05,SITE-04,DQ-03,terminology_mapping,11467,40,0.349
2026-07-05,SITE-04,DQ-04,referential_integrity,13890,45,0.324
2026-07-05,SITE-05,DQ-01,required_field_completeness,12484,25,0.2
2026-07-05,SITE-05,DQ-02,identifier_conformance,14429,37,0.256
2026-07-05,SITE-05,DQ-03,terminology_mapping,7902,7,0.089
2026-07-05,SITE-05,DQ-04,referential_integrity,14558,37,0.254
2026-07-05,SITE-06,DQ-01,required_field_completeness,4318,29,0.672
2026-07-05,SITE-06,DQ-02,identifier_conformance,11365,32,0.282
2026-07-05,SITE-06,DQ-03,terminology_mapping,6225,27,0.434
2026-07-05,SITE-06,DQ-04,referential_integrity,11878,41,0.345
2026-07-06,SITE-01,DQ-01,required_field_completeness,9366,21,0.224
2026-07-06,SITE-01,DQ-02,identifier_conformance,6210,3,0.048
2026-07-06,SITE-01,DQ-03,terminology_mapping,6019,13,0.216
2026-07-06,SITE-01,DQ-04,referential_integrity,6481,12,0.185
2026-07-06,SITE-02,DQ-01,required_field_completeness,12780,35,0.274
2026-07-06,SITE-02,DQ-02,identifier_conformance,7135,20,0.28
2026-07-06,SITE-02,DQ-03,terminology_mapping,4954,43,0.868
2026-07-06,SITE-02,DQ-04,referential_integrity,10907,2,0.018
2026-07-06,SITE-03,DQ-01,required_field_completeness,12493,14,0.112
2026-07-06,SITE-03,DQ-02,identifier_conformance,10846,6,0.055
2026-07-06,SITE-03,DQ-03,terminology_mapping,13947,31,0.222
2026-07-06,SITE-03,DQ-04,referential_integrity,6182,24,0.388
2026-07-06,SITE-04,DQ-01,required_field_completeness,9551,30,0.314
2026-07-06,SITE-04,DQ-02,identifier_conformance,8185,9,0.11
2026-07-06,SITE-04,DQ-03,terminology_mapping,13549,36,0.266
2026-07-06,SITE-04,DQ-04,referential_integrity,11224,37,0.33
2026-07-06,SITE-05,DQ-01,required_field_completeness,3558,38,1.068
2026-07-06,SITE-05,DQ-02,identifier_conformance,13319,29,0.218
2026-07-06,SITE-05,DQ-03,terminology_mapping,8798,14,0.159
2026-07-06,SITE-05,DQ-04,referential_integrity,13312,45,0.338
2026-07-06,SITE-06,DQ-01,required_field_completeness,7943,23,0.29
2026-07-06,SITE-06,DQ-02,identifier_conformance,12469,34,0.273
2026-07-06,SITE-06,DQ-03,terminology_mapping,13158,4,0.03
2026-07-06,SITE-06,DQ-04,referential_integrity,14115,17,0.12
2026-07-07,SITE-01,DQ-01,required_field_completeness,11488,24,0.209
2026-07-07,SITE-01,DQ-02,identifier_conformance,8218,33,0.402
2026-07-07,SITE-01,DQ-03,terminology_mapping,6111,30,0.491
2026-07-07,SITE-01,DQ-04,referential_integrity,7297,15,0.206
2026-07-07,SITE-02,DQ-01,required_field_completeness,10668,16,0.15
2026-07-07,SITE-02,DQ-02,identifier_conformance,10413,24,0.23
2026-07-07,SITE-02,DQ-03,terminology_mapping,13353,19,0.142
2026-07-07,SITE-02,DQ-04,referential_integrity,11138,41,0.368
2026-07-07,SITE-03,DQ-01,required_field_completeness,13953,32,0.229
2026-07-07,SITE-03,DQ-02,identifier_conformance,13908,13,0.093
2026-07-07,SITE-03,DQ-03,terminology_mapping,7385,41,0.555
2026-07-07,SITE-03,DQ-04,referential_integrity,14665,36,0.245
2026-07-07,SITE-04,DQ-01,required_field_completeness,8988,25,0.278
2026-07-07,SITE-04,DQ-02,identifier_conformance,7671,29,0.378
2026-07-07,SITE-04,DQ-03,terminology_mapping,10655,33,0.31
2026-07-07,SITE-04,DQ-04,referential_integrity,14702,18,0.122
2026-07-07,SITE-05,DQ-01,required_field_completeness,13455,41,0.305
2026-07-07,SITE-05,DQ-02,identifier_conformance,7832,26,0.332
2026-07-07,SITE-05,DQ-03,terminology_mapping,10683,27,0.253
2026-07-07,SITE-05,DQ-04,referential_integrity,10070,29,0.288
2026-07-07,SITE-06,DQ-01,required_field_completeness,12963,11,0.085
2026-07-07,SITE-06,DQ-02,identifier_conformance,12066,37,0.307
2026-07-07,SITE-06,DQ-03,terminology_mapping,10623,37,0.348
2026-07-07,SITE-06,DQ-04,referential_integrity,7339,11,0.15
2026-07-08,SITE-01,DQ-01,required_field_completeness,6682,7,0.105
2026-07-08,SITE-01,DQ-02,identifier_conformance,9337,9,0.096
2026-07-08,SITE-01,DQ-03,terminology_mapping,3754,35,0.932
2026-07-08,SITE-01,DQ-04,referential_integrity,4364,19,0.435
2026-07-08,SITE-02,DQ-01,required_field_completeness,3981,13,0.327
2026-07-08,SITE-02,DQ-02,identifier_conformance,11613,8,0.069
2026-07-08,SITE-02,DQ-03,terminology_mapping,11056,3,0.027
2026-07-08,SITE-02,DQ-04,referential_integrity,6208,22,0.354
2026-07-08,SITE-03,DQ-01,required_field_completeness,3708,45,1.214
2026-07-08,SITE-03,DQ-02,identifier_conformance,4376,27,0.617
2026-07-08,SITE-03,DQ-03,terminology_mapping,8663,32,0.369
2026-07-08,SITE-03,DQ-04,referential_integrity,11544,41,0.355
2026-07-08,SITE-04,DQ-01,required_field_completeness,14119,17,0.12
2026-07-08,SITE-04,DQ-02,identifier_conformance,13179,8,0.061
2026-07-08,SITE-04,DQ-03,terminology_mapping,4059,45,1.109
2026-07-08,SITE-04,DQ-04,referential_integrity,13309,17,0.128
2026-07-08,SITE-05,DQ-01,required_field_completeness,11288,25,0.221
2026-07-08,SITE-05,DQ-02,identifier_conformance,9422,32,0.34
2026-07-08,SITE-05,DQ-03,terminology_mapping,5300,28,0.528
2026-07-08,SITE-05,DQ-04,referential_integrity,10507,32,0.305
2026-07-08,SITE-06,DQ-01,required_field_completeness,7173,14,0.195
2026-07-08,SITE-06,DQ-02,identifier_conformance,6094,33,0.542
2026-07-08,SITE-06,DQ-03,terminology_mapping,11465,19,0.166
2026-07-08,SITE-06,DQ-04,referential_integrity,7305,39,0.534
2026-07-09,SITE-01,DQ-01,required_field_completeness,4451,7,0.157
2026-07-09,SITE-01,DQ-02,identifier_conformance,13553,17,0.125
2026-07-09,SITE-01,DQ-03,terminology_mapping,4400,13,0.295
2026-07-09,SITE-01,DQ-04,referential_integrity,8920,34,0.381
2026-07-09,SITE-02,DQ-01,required_field_completeness,10015,8,0.08
2026-07-09,SITE-02,DQ-02,identifier_conformance,7224,2,0.028
2026-07-09,SITE-02,DQ-03,terminology_mapping,14784,39,0.264
2026-07-09,SITE-02,DQ-04,referential_integrity,7810,4,0.051
2026-07-09,SITE-03,DQ-01,required_field_completeness,8962,17,0.19
2026-07-09,SITE-03,DQ-02,identifier_conformance,11401,31,0.272
2026-07-09,SITE-03,DQ-03,terminology_mapping,6713,34,0.506
2026-07-09,SITE-03,DQ-04,referential_integrity,13771,13,0.094
2026-07-09,SITE-04,DQ-01,required_field_completeness,7616,7,0.092
2026-07-09,SITE-04,DQ-02,identifier_conformance,14074,8,0.057
2026-07-09,SITE-04,DQ-03,terminology_mapping,4069,9,0.221
2026-07-09,SITE-04,DQ-04,referential_integrity,4879,4,0.082
2026-07-09,SITE-05,DQ-01,required_field_completeness,12388,3,0.024
2026-07-09,SITE-05,DQ-02,identifier_conformance,6710,18,0.268
2026-07-09,SITE-05,DQ-03,terminology_mapping,13149,30,0.228
2026-07-09,SITE-05,DQ-04,referential_integrity,8870,11,0.124
2026-07-09,SITE-06,DQ-01,required_field_completeness,11073,45,0.406
2026-07-09,SITE-06,DQ-02,identifier_conformance,12584,41,0.326
2026-07-09,SITE-06,DQ-03,terminology_mapping,7303,30,0.411
2026-07-09,SITE-06,DQ-04,referential_integrity,12317,14,0.114
2026-07-10,SITE-01,DQ-01,required_field_completeness,10545,35,0.332
2026-07-10,SITE-01,DQ-02,identifier_conformance,7567,3,0.04
2026-07-10,SITE-01,DQ-03,terminology_mapping,5198,10,0.192
2026-07-10,SITE-01,DQ-04,referential_integrity,4850,34,0.701
2026-07-10,SITE-02,DQ-01,required_field_completeness,7151,13,0.182
2026-07-10,SITE-02,DQ-02,identifier_conformance,13725,37,0.27
2026-07-10,SITE-02,DQ-03,terminology_mapping,7644,20,0.262
2026-07-10,SITE-02,DQ-04,referential_integrity,3626,25,0.689
2026-07-10,SITE-03,DQ-01,required_field_completeness,10598,45,0.425
2026-07-10,SITE-03,DQ-02,identifier_conformance,10914,18,0.165
2026-07-10,SITE-03,DQ-03,terminology_mapping,3661,33,0.901
2026-07-10,SITE-03,DQ-04,referential_integrity,10043,18,0.179
2026-07-10,SITE-04,DQ-01,required_field_completeness,5536,27,0.488
2026-07-10,SITE-04,DQ-02,identifier_conformance,14290,22,0.154
2026-07-10,SITE-04,DQ-03,terminology_mapping,14769,28,0.19
2026-07-10,SITE-04,DQ-04,referential_integrity,8692,6,0.069
2026-07-10,SITE-05,DQ-01,required_field_completeness,12103,24,0.198
2026-07-10,SITE-05,DQ-02,identifier_conformance,9910,16,0.161
2026-07-10,SITE-05,DQ-03,terminology_mapping,9301,2,0.022
2026-07-10,SITE-05,DQ-04,referential_integrity,11389,21,0.184
2026-07-10,SITE-06,DQ-01,required_field_completeness,11886,11,0.093
2026-07-10,SITE-06,DQ-02,identifier_conformance,11007,39,0.354
2026-07-10,SITE-06,DQ-03,terminology_mapping,7654,27,0.353
2026-07-10,SITE-06,DQ-04,referential_integrity,3788,17,0.449
2026-07-11,SITE-01,DQ-01,required_field_completeness,8732,40,0.458
2026-07-11,SITE-01,DQ-02,identifier_conformance,12031,29,0.241
2026-07-11,SITE-01,DQ-03,terminology_mapping,14703,36,0.245
2026-07-11,SITE-01,DQ-04,referential_integrity,10465,35,0.334
2026-07-11,SITE-02,DQ-01,required_field_completeness,9541,37,0.388
2026-07-11,SITE-02,DQ-02,identifier_conformance,5220,33,0.632
2026-07-11,SITE-02,DQ-03,terminology_mapping,11562,40,0.346
2026-07-11,SITE-02,DQ-04,referential_integrity,7644,21,0.275
2026-07-11,SITE-03,DQ-01,required_field_completeness,10530,40,0.38
2026-07-11,SITE-03,DQ-02,identifier_conformance,11363,7,0.062
2026-07-11,SITE-03,DQ-03,terminology_mapping,9319,11,0.118
2026-07-11,SITE-03,DQ-04,referential_integrity,12891,42,0.326
2026-07-11,SITE-04,DQ-01,required_field_completeness,5437,27,0.497
2026-07-11,SITE-04,DQ-02,identifier_conformance,7130,10,0.14
2026-07-11,SITE-04,DQ-03,terminology_mapping,3906,10,0.256
2026-07-11,SITE-04,DQ-04,referential_integrity,12631,21,0.166
2026-07-11,SITE-05,DQ-01,required_field_completeness,9527,2,0.021
2026-07-11,SITE-05,DQ-02,identifier_conformance,11622,44,0.379
2026-07-11,SITE-05,DQ-03,terminology_mapping,6298,4,0.064
2026-07-11,SITE-05,DQ-04,referential_integrity,12482,31,0.248
2026-07-11,SITE-06,DQ-01,required_field_completeness,4605,30,0.651
2026-07-11,SITE-06,DQ-02,identifier_conformance,7318,3,0.041
2026-07-11,SITE-06,DQ-03,terminology_mapping,11764,16,0.136
2026-07-11,SITE-06,DQ-04,referential_integrity,11137,34,0.305
2026-07-12,SITE-01,DQ-01,required_field_completeness,3786,38,1.004
2026-07-12,SITE-01,DQ-02,identifier_conformance,13389,13,0.097
2026-07-12,SITE-01,DQ-03,terminology_mapping,12104,35,0.289
2026-07-12,SITE-01,DQ-04,referential_integrity,6529,16,0.245
2026-07-12,SITE-02,DQ-01,required_field_completeness,4613,14,0.303
2026-07-12,SITE-02,DQ-02,identifier_conformance,8209,35,0.426
2026-07-12,SITE-02,DQ-03,terminology_mapping,13264,33,0.249
2026-07-12,SITE-02,DQ-04,referential_integrity,11041,28,0.254
2026-07-12,SITE-03,DQ-01,required_field_completeness,13921,42,0.302
2026-07-12,SITE-03,DQ-02,identifier_conformance,12740,39,0.306
2026-07-12,SITE-03,DQ-03,terminology_mapping,14077,32,0.227
2026-07-12,SITE-03,DQ-04,referential_integrity,10234,31,0.303
2026-07-12,SITE-04,DQ-01,required_field_completeness,12208,25,0.205
2026-07-12,SITE-04,DQ-02,identifier_conformance,6775,7,0.103
2026-07-12,SITE-04,DQ-03,terminology_mapping,14805,37,0.25
2026-07-12,SITE-04,DQ-04,referential_integrity,12147,17,0.14
2026-07-12,SITE-05,DQ-01,required_field_completeness,13095,8,0.061
2026-07-12,SITE-05,DQ-02,identifier_conformance,4636,44,0.949
2026-07-12,SITE-05,DQ-03,terminology_mapping,8210,17,0.207
2026-07-12,SITE-05,DQ-04,referential_integrity,13929,41,0.294
2026-07-12,SITE-06,DQ-01,required_field_completeness,5971,37,0.62
2026-07-12,SITE-06,DQ-02,identifier_conformance,10651,40,0.376
2026-07-12,SITE-06,DQ-03,terminology_mapping,9287,29,0.312
2026-07-12,SITE-06,DQ-04,referential_integrity,7423,13,0.175
